Name,Old Phone,New Phone,Old Email,New Email,Branch Update,City Correction,Comment
Amelia Darlington,,7812308209, amelia.darlington@examplemail.co.uk ,amelia.darlington@examplemail.co.uk,CENTRAL BRANCH,Leedz,admin amended
Arthur Mercer,07463016614,7463016614,arthur.mercer@@examplemail.co.uk,arthur.mercer@examplemail.co.uk,NORTH BRANCH,BIRMINGHAM,email corrected
Phoebe Winslow,+44 7879 591 310,7879591310,phoebe.winslow@@examplemail.co.uk,phoebe.winslow@examplemail.co.uk,NORTH BRANCH,Leeds,admin amended
Samuel Blackwell,,7461203124,samuel.blackwell@examplemail.co,samuel.blackwell@examplemail.co.uk,central office,bristol ,admin amended
Imogen Kensington,,7624232414,IMOGEN.KENSINGTON@EXAMPLEMAIL.CO.UK,imogen.kensington@examplemail.co.uk,Central Hub,MANCHESTER,branch updated
Rosie Collins,07902099,7352027504,rosie.collins@examplemail.co,rosie.collins@examplemail.co.uk,North,Leeds,branch updated
Hugo Hollis,07262 915 636,7262915636,hugo.hollis@@examplemail.co.uk,hugo.hollis@examplemail.co.uk,NORTH BRANCH,Bham,email corrected
Eliza Ellison,+44 7220 117 054,7220117054,ELIZA.ELLISON@EXAMPLEMAIL.CO.UK,eliza.ellison@examplemail.co.uk,south,Birmingham,confirmed by client
Theodore Marlowe,00447599154414,7599154414,theodore.marlowe@@examplemail.co.uk,theodore.marlowe@examplemail.co.uk,Central,bristol ,confirmed by client
Ivy Bennett,00000000000,0,ivy.bennett@examplemail.co,ivy.bennett@examplemail.co.uk,North Branch,BRISTOL,branch updated
Rosie Templeton,07750572,7942764719,rosie.templeton@examplemail.co.uk,rosie.templeton@examplemail.co.uk,South,manchester ,email corrected
Clara Bennett,00000000000,0,CLARA.BENNETT@EXAMPLEMAIL.CO.UK,clara.bennett@examplemail.co.uk,Central,Birmingham,admin amended
Luke Winslow,00000000000,0,luke.winslow@examplemail.co.uk,luke.winslow@examplemail.co.uk,Central,Birmingham,confirmed by client
Sophie Hollis,07705 557 720,7705557720,sophie.hollis@examplemail.co,sophie.hollis@examplemail.co.uk,Central,Birmingham,email corrected
Alice Waverley,00447731924051,7731924051,ALICE.WAVERLEY@EXAMPLEMAIL.CO.UK,alice.waverley@examplemail.co.uk,south office,LEEDS,email corrected
Daniel Bennett,+44 7437 710 224,7437710224,DANIEL.BENNETT@EXAMPLEMAIL.CO.UK,daniel.bennett@examplemail.co.uk,South Branch,BIRMINGHAM,confirmed by client
Arthur Mercer,,7463016614,arthur.mercer@@examplemail.co.uk,arthur.mercer@examplemail.co.uk,NORTH BRANCH,birminham,email corrected
George Sutton,,7200140141, george.sutton@examplemail.co.uk ,george.sutton@examplemail.co.uk,central office,BIRMINGHAM,admin amended
Samuel Ellison,07592080,7925942935,samuel.ellison@@examplemail.co.uk,samuel.ellison@examplemail.co.uk,north,BIRMINGHAM,branch updated
Edward Hollis,00000000000,0,edward.hollis@examplemail.co,edward.hollis@examplemail.co.uk,north,Bristol,branch updated
Jack Bennett,+44 7903 132 646,7903132646,jack.bennett@examplemail.co.uk,jack.bennett@examplemail.co.uk,Central Hub,birminham,email corrected
Freya Crawford,,0, freya.crawford@examplemail.co.uk ,freya.crawford@examplemail.co.uk,Central Hub,bristol ,email corrected
Martha Kensington,07174041,7960892562,MARTHA.KENSINGTON@EXAMPLEMAIL.CO.UK,martha.kensington@examplemail.co.uk,South Branch,Leedz,branch updated
Zara Pritchard,00000000000,0,ZARA.PRITCHARD@EXAMPLEMAIL.CO.UK,zara.pritchard@examplemail.co.uk,North Branch,Mcr,confirmed by client
Rosie Collins,07902099,7870544763,rosie.collins@examplemail.co,rosie.collins@examplemail.co.uk,North,Leeds,branch updated
Samuel Whitmore,00000000000,0,SAMUEL.WHITMORE@EXAMPLEMAIL.CO.UK,samuel.whitmore@examplemail.co.uk,central office,MANCHESTER,confirmed by client
Louis Pritchard,+44 7841 218 491,7841218491,louis.pritchard@examplemail.co,louis.pritchard@examplemail.co.uk,Central,bristol ,confirmed by client
Ivy Bennett,00000000000,0,ivy.bennett@examplemail.co,ivy.bennett@examplemail.co.uk,NORTH HQ,BRISTOL,admin amended
Eleanor Redford,00000000000,0,eleanor.redford@@examplemail.co.uk,eleanor.redford@examplemail.co.uk,south,LEEDS,branch updated
Arthur Mercer,07463016614,7463016614,arthur.mercer@@examplemail.co.uk,arthur.mercer@examplemail.co.uk,North,birminham,email corrected
Sophie Bramwell,+44 7153 992 714,7153992714,sophie.bramwell@examplemail.co,sophie.bramwell@examplemail.co.uk,South Branch,Mcr,admin amended
Phoebe Winslow,+44 7879 591 310,7879591310,phoebe.winslow@@examplemail.co.uk,phoebe.winslow@examplemail.co.uk,North Branch,leeds ,branch updated
Arthur Harrington,,7362950628, arthur.harrington@examplemail.co.uk ,arthur.harrington@examplemail.co.uk,CENTRAL BRANCH,Leedz,email corrected
Edward Prescott,07266 211 829,7266211829,EDWARD.PRESCOTT@EXAMPLEMAIL.CO.UK,edward.prescott@examplemail.co.uk,CENTRAL BRANCH,bristol ,confirmed by client
Clara Bennett,00000000000,0,CLARA.BENNETT@EXAMPLEMAIL.CO.UK,clara.bennett@examplemail.co.uk,CENTRAL BRANCH,birminham,email corrected
Poppy Sinclair,,7508157429,poppy.sinclair@examplemail.co,poppy.sinclair@examplemail.co.uk,NORTH HQ,birminham,email corrected
Oscar Winslow,00000000000,0,OSCAR.WINSLOW@EXAMPLEMAIL.CO.UK,oscar.winslow@examplemail.co.uk,SOUTH,MANCHESTER,confirmed by client
Leo Hollis,00000000000,0,leo.hollis@@examplemail.co.uk,leo.hollis@examplemail.co.uk,CENTRAL BRANCH,LEEDS,branch updated
Imogen Kensington,,7624232414,IMOGEN.KENSINGTON@EXAMPLEMAIL.CO.UK,imogen.kensington@examplemail.co.uk,Central,MANCHESTER,branch updated
Eleanor Ellison,00000000000,0,eleanor.ellison@examplemail.co,eleanor.ellison@examplemail.co.uk,South,Bristol City,branch updated
Imogen Bennett,00447768548027,7768548027,imogen.bennett@examplemail.co,imogen.bennett@examplemail.co.uk,NORTH HQ,leeds ,branch updated
Poppy Chadwick,00447599277266,7599277266,poppy.chadwick@examplemail.co,poppy.chadwick@examplemail.co.uk,south,leeds ,admin amended
Arthur Mercer,07463016614,7463016614,arthur.mercer@@examplemail.co.uk,arthur.mercer@examplemail.co.uk,north,Birmingham,branch updated
Daniel Mercer,07107721109,7107721109,daniel.mercer@examplemail.co.uk,daniel.mercer@examplemail.co.uk,central office,manchester ,admin amended
Luke Winslow,,0,luke.winslow@examplemail.co.uk,luke.winslow@examplemail.co.uk,Central Hub,BIRMINGHAM,confirmed by client
Arthur Mercer,,7463016614,arthur.mercer@@examplemail.co.uk,arthur.mercer@examplemail.co.uk,North Branch,Bham,admin amended
Theodore Marlowe,00447599154414,7599154414,theodore.marlowe@@examplemail.co.uk,theodore.marlowe@examplemail.co.uk,Central,BRISTOL,admin amended
Martha Pritchard,00000000000,0, martha.pritchard@examplemail.co.uk ,martha.pritchard@examplemail.co.uk,NORTH HQ,MANCHESTER,branch updated
Luke Marlowe,07994 027 897,7994027897,LUKE.MARLOWE@EXAMPLEMAIL.CO.UK,luke.marlowe@examplemail.co.uk,South Branch,BIRMINGHAM,admin amended
Eliza Ainsworth,07932894,7885675101,eliza.ainsworth@examplemail.co,eliza.ainsworth@examplemail.co.uk,central office,Mcr,email corrected
