source_row_number,record_id,customer_id,source_file,source_type,customer_name_raw,customer_name_clean,phone_raw,phone_clean,email_raw,email_clean,invoice_no_raw,invoice_no_clean,transaction_date_raw,transaction_date_clean,service_or_product_raw,service_or_product_clean,category_raw,category_clean,branch_raw,branch_clean,city_raw,city_clean,country,amount_raw,amount_clean,quantity,duplicate_flag,missing_field_flag,contact_valid_flag,date_valid_flag,amount_valid_flag,validation_status,review_notes
1,,,branch_north.xlsx,branch,Phoebe  Winslow,,+44 7879 591 310,,phoebe.winslow@@examplemail.co.uk,,INV-1000,,04 Apr 2025,,Maint Visit,,Basic,,North,,Leedz,,United Kingdom,200,,1,,,,,,,
2,,,branch_north.xlsx,branch,THEODORE MARLOWE,,00447599154414,,theodore.marlowe@@examplemail.co.uk,,INV-1001,,25/03/25,,deep cleaning package,,prem,,central office,,Bristol City,,United Kingdom, 200 ,,1,,,,,,,
3,,,branch_north.xlsx,branch,florence prescott,,00447630833445,, florence.prescott@examplemail.co.uk ,,INV 1002,,2025-02-01,,Store Refresh,,Premium,,Central Hub,,Bristol City,,United Kingdom,600,,3,,,,,,,
4,,,branch_north.xlsx,branch,Beatrice Harrington,,00447941889393,,BEATRICE.HARRINGTON@EXAMPLEMAIL.CO.UK,,INV 1003,,12 March 2025,,maintenance visit,,STD,,South,,Leeds,,United Kingdom,£275,,1,,,,,,,
5,,,branch_north.xlsx,branch, Edward Marlowe ,,07509760,,edward.marlowe@examplemail.co,,INV-1004,,07 Feb 2025,,inventory audit,,Basic,,North Branch,,BRISTOL,,United Kingdom,250.00,,1,,,,,,,
6,,,branch_north.xlsx,branch,daniel chadwick,,00447336696312,,daniel.chadwick@@examplemail.co.uk,,1005,,19 Mar 2025,,Maintenance Visit,,Basic,,Central,,BRISTOL,,United Kingdom, 600 ,,3,,,,,,,
7,,,branch_north.xlsx,branch,Arthur  Templeton,,07806157,,arthur.templeton@examplemail.co,,INV-1006,,2025-04-01,,Refresh,,Premium,,South,,birminham,,United Kingdom,550.00,,2,,,,,,,
8,,,branch_north.xlsx,branch,Freya  Crawford,,07966647391,,freya.crawford@examplemail.co,,INV-1007,,22-03-2025,,Install Support,,Basic,,south,,Leedz,,United Kingdom, 275 ,,1,,,,,,,
9,,,branch_north.xlsx,branch,Poppy Templeton,,00000000000,, poppy.templeton@examplemail.co.uk ,,1008,,03/04/25,,Maint Visit,,STD,,North,,Leedz,,United Kingdom,190.00,,2,,,,,,,
10,,,branch_north.xlsx,branch,POPPY SINCLAIR,,+44 7508 157 429,,poppy.sinclair@examplemail.co,,inv-1009,,14/03/25,,maintenance visit,,Standard,,North Branch,,Bham,,United Kingdom, 300 ,,2,,,,,,,
11,,,branch_north.xlsx,branch,sophie bramwell,,+44 7153 992 714,,sophie.bramwell@examplemail.co,,inv 1010,,26/02/25,,Operational Check,,Basic,,south,,MANCHESTER,,United Kingdom,500,,2,,,,,,,
12,,,branch_north.xlsx,branch,Clara Bennett,,00000000000,,CLARA.BENNETT@EXAMPLEMAIL.CO.UK,,inv 1011,,13 March 2025,,Prem Consult,,premium service,,Central,,BIRMINGHAM,,United Kingdom,£285,,3,,,,,,,
13,,,branch_north.xlsx,branch,Sebastian Chadwick,,07214 518 079,,sebastian.chadwick@examplemail.co,,INV1012,,06/02/25,,customer care review,,Std,,South Branch,,BRISTOL,,United Kingdom,450,,2,,,,,,,
14,,,branch_north.xlsx,branch,Eliza Ellison,,+44 7220 117 054,,ELIZA.ELLISON@EXAMPLEMAIL.CO.UK,,inv-1013,,20 Mar 2025,,customer care review,,STD,,south,,BIRMINGHAM,,United Kingdom, 800 ,,4,,,,,,,
15,,,branch_north.xlsx,branch,NATHAN SINCLAIR,,07379 995 032,,NATHAN.SINCLAIR@EXAMPLEMAIL.CO.UK,,INV-1014,,09-03-2025,,premium consultation,,P,,South,,LEEDS,,United Kingdom, 95 ,,1,,,,,,,
16,,,branch_north.xlsx,branch, Matilda Fletcher ,,07153921,, matilda.fletcher@examplemail.co.uk ,,inv 1015,,26/01/25,,On Site Setup,,STD,,CENTRAL BRANCH,,Bristol City,,United Kingdom,175,,1,,,,,,,
17,,,branch_north.xlsx,branch,Imogen  Bennett,,00447768548027,,imogen.bennett@examplemail.co,,inv 1016,,08/02/25,,On Site Setup,,Basic,,north,,Leedz,,United Kingdom, 200 ,,1,,,,,,,
18,,,branch_north.xlsx,branch,George Langley,,07959629660,, george.langley@examplemail.co.uk ,,INV1017,,2025-03-20,,Inventory Audit,,Std,,Central Hub,,leeds ,,United Kingdom,£95,,1,,,,,,,
19,,,branch_north.xlsx,branch,THEODORE DARLINGTON,,07678 998 028,,theodore.darlington@@examplemail.co.uk,,inv-1018,,2025-02-24,,Deep Cleaning Package,,prem,,South,,MANCHESTER,,United Kingdom,150.00,,1,,,,,,,
20,,,branch_north.xlsx,branch,martha pritchard,,00000000000,, martha.pritchard@examplemail.co.uk ,,INV 1019,,26-01-2025,,DC,,premium service,,North,,Manchester,,United Kingdom,275,,1,,,,,,,
21,,,branch_north.xlsx,branch,SAMUEL BLACKWELL,,07461203124,,samuel.blackwell@examplemail.co,,1020,,16 March 2025,,CCR,,Std,,CENTRAL BRANCH,,bristol ,,United Kingdom,£700,,4,,,,,,,
22,,,branch_north.xlsx,branch,phoebe huxley,,00447396618390,,PHOEBE.HUXLEY@EXAMPLEMAIL.CO.UK,,INV-1021,,04-04-2025,,Deep Cleaning Package,,prem,,NORTH HQ,,Bham,,United Kingdom,380.00,,4,,,,,,,
23,,,branch_north.xlsx,branch,jack sutton,,00447790256940,, jack.sutton@examplemail.co.uk ,,inv 1022,,02-03-2025,,Op Check,,Standard,,South,,Bristol City,,United Kingdom,£1100,,4,,,,,,,
24,,,branch_north.xlsx,branch,HENRY TEMPLETON,,00000000000,, henry.templeton@examplemail.co.uk ,,INV 1023,,20 February 2025,,premium consultation,,P,,North Branch,,BIRMINGHAM,,United Kingdom,150.00,,1,,,,,,,
25,,,branch_north.xlsx,branch, Harry Blackwell ,,07216396,,harry.blackwell@examplemail.co,,INV 1024,,01 April 2025,,Install Support,,Basic,,south,,Birmingham,,United Kingdom, 800 ,,4,,,,,,,
26,,,branch_north.xlsx,branch,Theodore  Sterling,,07696776072,,theodore.sterling@@examplemail.co.uk,,inv 1025,,28 March 2025,,Priority Call,,P,,CENTRAL BRANCH,,Leeds,,United Kingdom, 175 ,,1,,,,,,,
27,,,branch_north.xlsx,branch,amelia bramwell,,00447213321496,,AMELIA.BRAMWELL@EXAMPLEMAIL.CO.UK,,INV 1026,,08 Feb 2025,,Op Check,,Std,,south office,,bristol ,,United Kingdom,£1000,,4,,,,,,,
28,,,branch_north.xlsx,branch,Eleanor  Pritchard,,07434961,,eleanor.pritchard@examplemail.co,,1027,,19 Feb 2025,,Prem Consult,,prem,,North,,BIRMINGHAM,,United Kingdom,675,,3,,,,,,,
29,,,branch_north.xlsx,branch, Theodore Redford ,,07575808,,theodore.redford@examplemail.co.uk,,1028,,18/01/25,,Op Check,,STD,,NORTH BRANCH,,Bham,,United Kingdom,250,,1,,,,,,,
30,,,branch_north.xlsx,branch,florence collins,,07679153,,florence.collins@examplemail.co.uk,,INV1029,,26 Jan 2025,,Customer Care Review,,STD,,SOUTH,,Manchester,,United Kingdom,360.00,,3,,,,,,,
31,,,branch_north.xlsx,branch,rosie templeton,,07750572,,rosie.templeton@examplemail.co.uk,,inv 1030,,05/04/25,,Customer Care Review,,Std,,south office,,manchester ,,United Kingdom, 600 ,,3,,,,,,,
32,,,branch_north.xlsx,branch,poppy mercer,,07443285,,poppy.mercer@examplemail.co.uk,,INV1031,,24 Mar 2025,,premium consultation,,Premium,,South Branch,,Leeds,,United Kingdom,£550,,2,,,,,,,
33,,,branch_north.xlsx,branch, Phoebe Hollis ,,00000000000,,phoebe.hollis@examplemail.co,,inv-1032,,23 February 2025,,Premium Consultation,,premium service,,south,,birminham,,United Kingdom,200.00,,1,,,,,,,
34,,,branch_north.xlsx,branch,ZARA CRAWFORD,,00000000000,,zara.crawford@examplemail.co.uk,,inv-1033,,05 Mar 2025,,on site setup,,Basic,,south office,,LEEDS,,United Kingdom,£285,,3,,,,,,,
35,,,branch_north.xlsx,branch, Harry Sinclair ,,07825 003 955,,harry.sinclair@examplemail.co,,INV 1034,,2025-02-18,,maintenance visit,,Standard,,Central,,BIRMINGHAM,,United Kingdom,150.00,,1,,,,,,,
36,,,branch_north.xlsx,branch,Samuel  Bramwell,,00000000000,,samuel.bramwell@examplemail.co.uk,,inv-1035,,04-04-2025,,Installation Support,,STD,,Central Hub,,BIRMINGHAM,,United Kingdom,190,,2,,,,,,,
37,,,branch_north.xlsx,branch,Freya Bramwell,,07786066,,freya.bramwell@@examplemail.co.uk,,INV-1036,,06 February 2025,,Priority Service Call,,P,,Central,,LEEDS,,United Kingdom,£900,,4,,,,,,,
38,,,branch_north.xlsx,branch,George Sutton,,07200 140 141,, george.sutton@examplemail.co.uk ,,inv 1037,,2025-02-18,,Customer Care Review,,Std,,CENTRAL BRANCH,,Bham,,United Kingdom, 150 ,,1,,,,,,,
39,,,branch_north.xlsx,branch,GEORGE SUTTON,,07200 140 141,, george.sutton@examplemail.co.uk ,,INV-1038,,16/01/25,,installation support,,Std,,Central Hub,,birminham,,United Kingdom,1000.00,,4,,,,,,,
40,,,branch_north.xlsx,branch,luke marlowe,,07994 027 897,,LUKE.MARLOWE@EXAMPLEMAIL.CO.UK,,1039,,07 Mar 2025,,Installation Support,,STD,,South Branch,,Birmingham,,United Kingdom,240.00,,2,,,,,,,
41,,,branch_north.xlsx,branch,ELEANOR HUXLEY,,07378 304 807,,ELEANOR.HUXLEY@EXAMPLEMAIL.CO.UK,,inv 1040,,24/01/25,,Refresh,,prem,,South,,BRISTOL,,United Kingdom,285,,3,,,,,,,
42,,,branch_north.xlsx,branch,jack prescott,,00000000000,,JACK.PRESCOTT@EXAMPLEMAIL.CO.UK,,INV1041,,27 March 2025,,Store Refresh,,Premium,,South,,Manchester,,United Kingdom,400,,2,,,,,,,
43,,,branch_north.xlsx,branch, Amelia Darlington ,,07812308209,, amelia.darlington@examplemail.co.uk ,,INV-1042,,11 February 2025,,inventory audit,,Basic,,central office,,leeds ,,United Kingdom, 95 ,,1,,,,,,,
44,,,branch_north.xlsx,branch, Max Whitmore ,,00447604011128,,max.whitmore@examplemail.co,,inv 1043,,01/02/25,,Refresh,,P,,NORTH HQ,,leeds ,,United Kingdom,£450,,2,,,,,,,
45,,,branch_north.xlsx,branch,henry templeton,,00000000000,, henry.templeton@examplemail.co.uk ,,INV-1044,,15/01/25,,store refresh,,prem,,NORTH HQ,,Bham,,United Kingdom,480.00,,4,,,,,,,
46,,,branch_north.xlsx,branch,phoebe darlington,,07200 273 738,,PHOEBE.DARLINGTON@EXAMPLEMAIL.CO.UK,,inv 1045,,05-03-2025,,installation support,,STD,,Central,,Leedz,,United Kingdom,800,,4,,,,,,,
47,,,branch_north.xlsx,branch,sebastian langley,,07570406,,sebastian.langley@examplemail.co,,inv-1046,,12/01/25,,Store Refresh,,Premium,,Central,,Leedz,,United Kingdom,£900,,4,,,,,,,
48,,,branch_north.xlsx,branch,Eleanor Redford,,07637 500 247,,eleanor.redford@@examplemail.co.uk,,INV 1047,,2025-01-23,,store refresh,,P,,NORTH BRANCH,,Leedz,,United Kingdom,£480,,4,,,,,,,
49,,,branch_north.xlsx,branch,imogen winslow,,00000000000,,imogen.winslow@@examplemail.co.uk,,INV 1048,,22 Feb 2025,,maintenance visit,,Standard,,North,,Bristol,,United Kingdom,240.00,,2,,,,,,,
50,,,branch_north.xlsx,branch,sebastian sinclair,,00447699226355,,sebastian.sinclair@@examplemail.co.uk,,INV 1049,,18-03-2025,,Prem Consult,,P,,North,,birminham,,United Kingdom,675,,3,,,,,,,
51,,,branch_north.xlsx,branch, Thomas Sinclair ,,07463527,,thomas.sinclair@examplemail.co,,1050,,09 Feb 2025,,inventory audit,,Basic,,South Branch,,leeds ,,United Kingdom,£525,,3,,,,,,,
52,,,branch_north.xlsx,branch,JACK BENNETT,,+44 7903 132 646,,jack.bennett@examplemail.co.uk,,INV-1051,,29-01-2025,,Install Support,,Basic,,Central Hub,,Bham,,United Kingdom,£1100,,4,,,,,,,
53,,,branch_north.xlsx,branch,IVY BENNETT,,00000000000,,ivy.bennett@examplemail.co,,1052,,08-03-2025,,Installation Support,,Basic,,North Branch,,Bristol,,United Kingdom,£450,,3,,,,,,,
54,,,branch_north.xlsx,branch,Theodore  Marlowe,,00447599154414,,theodore.marlowe@@examplemail.co.uk,,inv 1053,,11 March 2025,,Prem Consult,,prem,,CENTRAL BRANCH,,Bristol,,United Kingdom,285,,3,,,,,,,
55,,,branch_north.xlsx,branch,poppy mercer,,07443285,,poppy.mercer@examplemail.co.uk,,inv 1054,,19-01-2025,,Priority Service Call,,Premium,,South,,leeds ,,United Kingdom,380,,4,,,,,,,
56,,,branch_north.xlsx,branch,HUGO WINSLOW,,00000000000,,HUGO.WINSLOW@EXAMPLEMAIL.CO.UK,,INV-1055,,15-02-2025,,customer care review,,STD,,NORTH BRANCH,,manchester ,,United Kingdom,"1,100",,4,,,,,,,
57,,,branch_north.xlsx,branch, Daniel Bennett ,,+44 7437 710 224,,DANIEL.BENNETT@EXAMPLEMAIL.CO.UK,,inv-1056,,15/01/25,,priority service call,,premium service,,south,,BIRMINGHAM,,United Kingdom, 825 ,,3,,,,,,,
58,,,branch_north.xlsx,branch,Alfie Fletcher,,07612957813,,alfie.fletcher@examplemail.co.uk,,1057,,17/01/25,,Inventory Audit,,Basic,,North Branch,,Leeds,,United Kingdom,£360,,3,,,,,,,
59,,,branch_north.xlsx,branch,Hugo  Hollis,,07262 915 636,,hugo.hollis@@examplemail.co.uk,,INV1058,,15 Jan 2025,,Inv Audit,,STD,,North Branch,,birminham,,United Kingdom,600.00,,4,,,,,,,
60,,,branch_north.xlsx,branch, George Chadwick ,,07926561,,george.chadwick@examplemail.co.uk,,INV 1059,,15 February 2025,,CCR,,Basic,,SOUTH,,Bristol City,,United Kingdom,285.00,,3,,,,,,,
61,,,branch_north.xlsx,branch,Oscar Blackwell,,00447932734539,,oscar.blackwell@examplemail.co.uk,,INV 1060,,18 Jan 2025,,CCR,,Std,,south,,manchester ,,United Kingdom,800.00,,4,,,,,,,
62,,,branch_north.xlsx,branch, Oscar Bramwell ,,07542697755,, oscar.bramwell@examplemail.co.uk ,,inv-1061,,29-01-2025,,Installation Support,,Std,,NORTH HQ,,Mcr,,United Kingdom,450,,2,,,,,,,
63,,,branch_north.xlsx,branch,JACK FAIRCHILD,,07807435606,,JACK.FAIRCHILD@EXAMPLEMAIL.CO.UK,,1062,,2025-01-26,,Refresh,,P,,South,,MANCHESTER,,United Kingdom,0,,3,,,,,,,
64,,,branch_north.xlsx,branch,Luke Waverley,,07875 718 152,,luke.waverley@examplemail.co,,1063,,26-01-2025,,CCR,,STD,,South Branch,,Birmingham,,United Kingdom,900,,4,,,,,,,
65,,,branch_north.xlsx,branch,Theodore  Ainsworth,,00447849621470,,THEODORE.AINSWORTH@EXAMPLEMAIL.CO.UK,,1064,,18 February 2025,,Customer Care Review,,STD,,north,,Manchester,,United Kingdom, 825 ,,3,,,,,,,
66,,,branch_north.xlsx,branch,Oscar  Winslow,,00000000000,,OSCAR.WINSLOW@EXAMPLEMAIL.CO.UK,,1065,,27-01-2025,,Setup,,STD,,SOUTH,,MANCHESTER,,United Kingdom,360,,3,,,,,,,
67,,,branch_north.xlsx,branch,HUGO HOLLIS,,07262 915 636,,hugo.hollis@@examplemail.co.uk,,inv-1066,,18-03-2025,,Priority Call,,P,,NORTH HQ,,birminham,,United Kingdom,500.00,,2,,,,,,,
68,,,branch_north.xlsx,branch,THEODORE REDFORD,,07575808,,theodore.redford@examplemail.co.uk,,inv-1067,,02 February 2025,,Inv Audit,,Std,,NORTH BRANCH,,Bham,,United Kingdom,380.00,,4,,,,,,,
69,,,branch_north.xlsx,branch,Rosie  Templeton,,07750572,,rosie.templeton@examplemail.co.uk,,INV1068,,09 Feb 2025,,CCR,,Standard,,SOUTH,,MANCHESTER,,United Kingdom,700,,4,,,,,,,
70,,,branch_north.xlsx,branch,Zara  Pritchard,,00000000000,,ZARA.PRITCHARD@EXAMPLEMAIL.CO.UK,,INV 1069,,18-02-2025,,On Site Setup,,Standard,,North,,MANCHESTER,,United Kingdom,825.00,,3,,,,,,,
71,,,branch_north.xlsx,branch,zara sutton,,07581223755,,zara.sutton@examplemail.co.uk,,inv-1070,,27 Feb 2025,,Maint Visit,,Std,,central office,,Bristol,,United Kingdom,£350,,2,,,,,,,
72,,,branch_north.xlsx,branch,samuel whitmore,,00000000000,,SAMUEL.WHITMORE@EXAMPLEMAIL.CO.UK,,1071,,11/02/25,,Inv Audit,,STD,,Central Hub,,Mcr,,United Kingdom, 360 ,,3,,,,,,,
73,,,branch_north.xlsx,branch,Alice Waverley,,00447731924051,,ALICE.WAVERLEY@EXAMPLEMAIL.CO.UK,,1072,,15-02-2025,,premium consultation,,P,,south,,Leeds,,United Kingdom,0,,3,,,,,,,
74,,,branch_north.xlsx,branch, Eliza Ainsworth ,,07932894,,eliza.ainsworth@examplemail.co,,inv-1073,,06 Mar 2025,,Inv Audit,,STD,,central office,,manchester ,,United Kingdom,£900,,4,,,,,,,
75,,,branch_north.xlsx,branch,FREYA CRAWFORD,,07966647391,,freya.crawford@examplemail.co,,inv-1074,,16 January 2025,,Store Refresh,,premium service,,South,,Leedz,,United Kingdom,500.00,,2,,,,,,,
76,,,branch_north.xlsx,branch,Luke  Winslow,,00000000000,,luke.winslow@examplemail.co.uk,,INV 1075,,07/02/25,,customer care review,,Basic,,central office,,Birmingham,,United Kingdom,£225,,1,,,,,,,
77,,,branch_north.xlsx,branch,George  Langley,,07959629660,, george.langley@examplemail.co.uk ,,inv 1076,,14 Jan 2025,,inventory audit,,Std,,Central,,LEEDS,,United Kingdom,£550,,2,,,,,,,
78,,,branch_north.xlsx,branch,Samuel  Blackwell,,07461203124,,samuel.blackwell@examplemail.co,,inv-1077,,10-01-2025,,Install Support,,Basic,,Central,,BRISTOL,,United Kingdom, 525 ,,3,,,,,,,
79,,,branch_north.xlsx,branch,florence chadwick,,00447250519597,, florence.chadwick@examplemail.co.uk ,,INV 1078,,28 Mar 2025,,Priority Service Call,,premium service,,Central,,Bristol,,United Kingdom,200.00,,1,,,,,,,
80,,,branch_north.xlsx,branch,Isla Sterling,,07685823118,,ISLA.STERLING@EXAMPLEMAIL.CO.UK,,inv 1079,,25 Jan 2025,,maintenance visit,,Standard,,Central Hub,,manchester ,,United Kingdom, 1100 ,,4,,,,,,,
81,,,branch_north.xlsx,branch,Rosie  Collins,,07902099,,rosie.collins@examplemail.co,,INV1080,,14-03-2025,,premium consultation,,Premium,,NORTH BRANCH,,leeds ,,United Kingdom,£300,,2,,,,,,,
82,,,branch_north.xlsx,branch,ALFIE MARLOWE,,+44 7872 830 248,,alfie.marlowe@@examplemail.co.uk,,INV1081,,10 January 2025,,Store Refresh,,Premium,,south office,,Bham,,United Kingdom,£500,,2,,,,,,,
83,,,branch_north.xlsx,branch,ARTHUR STERLING,,07721609,,arthur.sterling@examplemail.co.uk,,INV1082,,18-03-2025,,Prem Consult,,Premium,,central office,,Manchester,,United Kingdom,£250,,1,,,,,,,
84,,,branch_north.xlsx,branch,Leo Hollis,,00000000000,,leo.hollis@@examplemail.co.uk,,INV-1083,,2025-04-01,,deep cleaning package,,Premium,,central office,,LEEDS,,United Kingdom,285,,3,,,,,,,
85,,,branch_north.xlsx,branch, Sophie Collins ,,07845 122 940,, sophie.collins@examplemail.co.uk ,,INV 1084,,23/02/25,,premium consultation,,Premium,,NORTH HQ,,Bristol,,United Kingdom,£450,,3,,,,,,,
86,,,branch_north.xlsx,branch,Isla Marlowe,,00000000000,, isla.marlowe@examplemail.co.uk ,,INV 1085,,20 March 2025,,Customer Care Review,,Std,,CENTRAL BRANCH,,Manchester,,United Kingdom,"1,100",,4,,,,,,,
87,,,branch_north.xlsx,branch, Oscar Blackwell ,,00447932734539,,oscar.blackwell@examplemail.co.uk,,inv 1086,,27/01/25,,inventory audit,,STD,,south,,Mcr,,United Kingdom, 200 ,,1,,,,,,,
88,,,branch_north.xlsx,branch,FREYA SINCLAIR,,+44 7643 189 555,, freya.sinclair@examplemail.co.uk ,,INV 1087,,04 Feb 2025,,Deep Cleaning Package,,prem,,Central,,Manchester,,United Kingdom,0,,3,,,,,,,
89,,,branch_north.xlsx,branch,Thomas  Sinclair,,+44 7951 078 441,,thomas.sinclair@@examplemail.co.uk,,INV-1088,,11 Feb 2025,,Operational Check,,Std,,north,,MANCHESTER,,United Kingdom,675.00,,3,,,,,,,
90,,,branch_north.xlsx,branch,ELEANOR REDFORD,,00000000000,,eleanor.redford@@examplemail.co.uk,,inv-1089,,2025-02-13,,CCR,,Std,,south office,,Leeds,,United Kingdom,£1000,,4,,,,,,,
91,,,branch_north.xlsx,branch,Theodore  Marlowe,,00447599154414,,theodore.marlowe@@examplemail.co.uk,,1090,,22 February 2025,,Store Refresh,,P,,Central,,BRISTOL,,United Kingdom,900,,4,,,,,,,
92,,,branch_north.xlsx,branch,alice waverley,,00447731924051,,ALICE.WAVERLEY@EXAMPLEMAIL.CO.UK,,INV 1091,,2025-01-20,,Maint Visit,,STD,,South,,LEEDS,,United Kingdom, 600 ,,4,,,,,,,
93,,,branch_north.xlsx,branch, Thomas Sinclair ,,+44 7951 078 441,,thomas.sinclair@@examplemail.co.uk,,1092,,20 Feb 2025,,Maint Visit,,Std,,NORTH HQ,,Mcr,,United Kingdom, 600 ,,3,,,,,,,
94,,,branch_north.xlsx,branch, Poppy Chadwick ,,00447599277266,,poppy.chadwick@examplemail.co,,inv-1093,,28/03/25,,operational check,,STD,,south office,,Leedz,,United Kingdom, 900 ,,4,,,,,,,
95,,,branch_north.xlsx,branch, Samuel Blackwell ,,07461203124,,samuel.blackwell@examplemail.co,,1094,,24-02-2025,,deep cleaning package,,P,,Central Hub,,Bristol,,United Kingdom, 285 ,,3,,,,,,,
96,,,branch_north.xlsx,branch,EDWARD MARLOWE,,07509760,,edward.marlowe@examplemail.co,,INV1095,,2025-02-25,,store refresh,,Premium,,North,,Bristol,,United Kingdom,150,,1,,,,,,,
97,,,branch_north.xlsx,branch,Phoebe  Prescott,,00447996278008,,phoebe.prescott@examplemail.co,,inv-1096,,14/01/25,,Op Check,,Std,,south,,Bristol City,,United Kingdom,450,,2,,,,,,,
98,,,branch_north.xlsx,branch,ISLA ASHCROFT,,00447682624278,,isla.ashcroft@examplemail.co,,INV1097,,23 Mar 2025,,Store Refresh,,premium service,,south,,Leeds,,United Kingdom,900.00,,4,,,,,,,
99,,,branch_north.xlsx,branch,Imogen  Kensington,,07624 232 414,,IMOGEN.KENSINGTON@EXAMPLEMAIL.CO.UK,,inv 1098,,2025-01-19,,Op Check,,STD,,Central Hub,,Mcr,,United Kingdom,750.00,,3,,,,,,,
100,,,branch_north.xlsx,branch, Phoebe Darlington ,,07200 273 738,,PHOEBE.DARLINGTON@EXAMPLEMAIL.CO.UK,,INV 1099,,10/02/25,,Maintenance Visit,,Basic,,central office,,Leeds,,United Kingdom,550.00,,2,,,,,,,
101,,,branch_north.xlsx,branch,Alice  Waverley,,00447731924051,,ALICE.WAVERLEY@EXAMPLEMAIL.CO.UK,,INV 1100,,22-03-2025,,store refresh,,premium service,,South,,Leeds,,United Kingdom, 825 ,,3,,,,,,,
102,,,branch_north.xlsx,branch,amelia darlington,,07812308209,, amelia.darlington@examplemail.co.uk ,,INV1101,,15 February 2025,,Install Support,,STD,,Central Hub,,Leedz,,United Kingdom,£150,,1,,,,,,,
103,,,branch_north.xlsx,branch,Henry  Templeton,,00000000000,, henry.templeton@examplemail.co.uk ,,INV 1102,,01-02-2025,,Operational Check,,Basic,,NORTH BRANCH,,birminham,,United Kingdom,£675,,3,,,,,,,
104,,,branch_north.xlsx,branch,Rosie  Collins,,07902099,,rosie.collins@examplemail.co,,inv-1103,,20-03-2025,,Priority Service Call,,prem,,North,,LEEDS,,United Kingdom, 300 ,,2,,,,,,,
105,,,branch_north.xlsx,branch,Isla  Ashcroft,,00447682624278,,isla.ashcroft@examplemail.co,,inv 1104,,07/02/25,,Priority Call,,prem,,South Branch,,LEEDS,,United Kingdom,350,,2,,,,,,,
106,,,branch_north.xlsx,branch, Sophie Winslow ,,+44 7694 164 665,, sophie.winslow@examplemail.co.uk ,,inv-1105,,25 February 2025,,Deep Cleaning Package,,premium service,,North,,Bham,,United Kingdom,600.00,,4,,,,,,,
107,,,branch_north.xlsx,branch,OSCAR REDFORD,,07511 872 350,,oscar.redford@@examplemail.co.uk,,inv 1106,,18 January 2025,,Premium Consultation,,prem,,Central,,Mcr,,United Kingdom,"1,000",,4,,,,,,,
108,,,branch_north.xlsx,branch,Sophie  Hollis,,07705 557 720,,sophie.hollis@examplemail.co,,INV1107,,19/01/25,,Install Support,,Std,,Central,,Bham,,United Kingdom,275,,1,,,,,,,
109,,,branch_north.xlsx,branch,POPPY MERCER,,00000000000,,poppy.mercer@@examplemail.co.uk,,inv-1108,,23-02-2025,,Priority Call,,prem,,south,,Mcr,,United Kingdom,500.00,,2,,,,,,,
110,,,branch_north.xlsx,branch,alfie fletcher,,07612957813,,alfie.fletcher@examplemail.co.uk,,1109,,25 January 2025,,DC,,Premium,,north,,Leedz,,United Kingdom,450.00,,3,,,,,,,
111,,,branch_north.xlsx,branch,Imogen  Hollis,,07530613729,, imogen.hollis@examplemail.co.uk ,,INV1110,,07-02-2025,,Customer Care Review,,Standard,,south office,,MANCHESTER,,United Kingdom,£200,,1,,,,,,,
112,,,branch_north.xlsx,branch,Samuel Ellison,,07592080,,samuel.ellison@@examplemail.co.uk,,1111,,2025-02-14,,Priority Call,,Premium,,North Branch,,BIRMINGHAM,,United Kingdom,150,,1,,,,,,,
113,,,branch_north.xlsx,branch,GEORGE CHADWICK,,00447409268943,,george.chadwick@examplemail.co,,1112,,29-01-2025,,installation support,,Standard,,South Branch,,Mcr,,United Kingdom,£95,,1,,,,,,,
114,,,branch_north.xlsx,branch,luke winslow,,00000000000,,luke.winslow@examplemail.co.uk,,INV1113,,02 April 2025,,deep cleaning package,,P,,central office,,Birmingham,,United Kingdom,£500,,2,,,,,,,
115,,,branch_north.xlsx,branch,Phoebe  Winslow,,+44 7879 591 310,,phoebe.winslow@@examplemail.co.uk,,INV-1114,,14-03-2025,,DC,,prem,,NORTH BRANCH,,Leedz,,United Kingdom, 825 ,,3,,,,,,,
116,,,branch_north.xlsx,branch,leo sterling,,00000000000,, leo.sterling@examplemail.co.uk ,,INV1115,,17-02-2025,,Refresh,,P,,NORTH HQ,,LEEDS,,United Kingdom,150.00,,1,,,,,,,
117,,,branch_north.xlsx,branch, Theodore Marlowe ,,00447599154414,,theodore.marlowe@@examplemail.co.uk,,INV1116,,12 March 2025,,store refresh,,prem,,CENTRAL BRANCH,,Bristol City,,United Kingdom, 450 ,,3,,,,,,,
118,,,branch_north.xlsx,branch, Phoebe Darlington ,,07200 273 738,,PHOEBE.DARLINGTON@EXAMPLEMAIL.CO.UK,,inv 1117,,2025-02-23,,CCR,,Standard,,central office,,Leedz,,United Kingdom,£360,,3,,,,,,,
119,,,branch_north.xlsx,branch,MATILDA AINSWORTH,,07126226563,, matilda.ainsworth@examplemail.co.uk ,,INV1118,,10-03-2025,,on site setup,,Standard,,north,,MANCHESTER,,United Kingdom,£700,,4,,,,,,,
120,,,branch_north.xlsx,branch,SAMUEL BRAMWELL,,00000000000,,samuel.bramwell@examplemail.co.uk,,1119,,16 January 2025,,premium consultation,,Premium,,Central,,birminham,,United Kingdom,£700,,4,,,,,,,
121,,,branch_north.xlsx,branch, Thomas Sinclair ,,+44 7951 078 441,,thomas.sinclair@@examplemail.co.uk,,1092,,20 Feb 2025,,Maint Visit,,Std,,NORTH HQ,,Mcr,,United Kingdom, 600 ,,3,,,,,,,
122,,,branch_north.xlsx,branch,sebastian sinclair,,00447699226355,,sebastian.sinclair@@examplemail.co.uk,,INV 1049,,18-03-2025,,Prem Consult,,P,,North,,birminham,,United Kingdom,675,,3,,,,,,,
123,,,branch_north.xlsx,branch,SAMUEL BRAMWELL,,00000000000,,samuel.bramwell@examplemail.co.uk,,1119,,16 January 2025,,premium consultation,,Premium,,Central,,birminham,,United Kingdom,£700,,4,,,,,,,
124,,,branch_north.xlsx,branch,JACK BENNETT,,+44 7903 132 646,,jack.bennett@examplemail.co.uk,,INV-1051,,29-01-2025,,Install Support,,Basic,,Central Hub,,Bham,,United Kingdom,£1100,,4,,,,,,,
125,,,branch_north.xlsx,branch,florence chadwick,,00447250519597,, florence.chadwick@examplemail.co.uk ,,INV 1078,,28 Mar 2025,,Priority Service Call,,premium service,,Central,,Bristol,,United Kingdom,200.00,,1,,,,,,,
126,,,branch_north.xlsx,branch,Leo Hollis,,00000000000,,leo.hollis@@examplemail.co.uk,,INV-1083,,2025-04-01,,deep cleaning package,,Premium,,central office,,LEEDS,,United Kingdom,285,,3,,,,,,,
127,,,branch_north.xlsx,branch,HUGO HOLLIS,,07262 915 636,,hugo.hollis@@examplemail.co.uk,,inv-1066,,18-03-2025,,Priority Call,,P,,NORTH HQ,,birminham,,United Kingdom,500.00,,2,,,,,,,
128,,,branch_north.xlsx,branch,Freya Bramwell,,07786066,,freya.bramwell@@examplemail.co.uk,,INV-1036,,06 February 2025,,Priority Service Call,,P,,Central,,LEEDS,,United Kingdom,£900,,4,,,,,,,
129,,,branch_south.csv,branch,Theodore  Marlowe,,00447599154414,,theodore.marlowe@@examplemail.co.uk,,INV-1090,,22-02-2025,,store refresh,,Premium,,central office,,BRISTOL,,United Kingdom,"900,00",,4,,,,,,,
130,,,branch_south.csv,branch,ALICE WAVERLEY,,00447731924051,,ALICE.WAVERLEY@EXAMPLEMAIL.CO.UK,,inv 1091,,20 Jan 2025,,Maintenance Visit,,Standard,,south office,,Leeds,,United Kingdom,"600,00",,4,,,,,,,
131,,,branch_south.csv,branch, Thomas Sinclair ,,+44 7951 078 441,,thomas.sinclair@@examplemail.co.uk,,1092,,20 February 2025,,Maintenance Visit,,Standard,,North,,manchester ,,United Kingdom,,,3,,,,,,,
132,,,branch_south.csv,branch,poppy chadwick,,00447599277266,,poppy.chadwick@examplemail.co,,inv-1093,,28-03-2025,,operational check,,Standard,,SOUTH,,leeds ,,United Kingdom,"900,00",,4,,,,,,,
133,,,branch_south.csv,branch,samuel blackwell,,07461203124,,samuel.blackwell@examplemail.co,,INV 1094,,24 February 2025,,deep cleaning package,,P,,Central Hub,,Bristol City,,United Kingdom,,,3,,,,,,,
134,,,branch_south.csv,branch, Edward Marlowe ,,07509760,,edward.marlowe@examplemail.co,,INV1095,,25-02-2025,,Store Refresh,,P,,North,,Bristol City,,United Kingdom,,,1,,,,,,,
135,,,branch_south.csv,branch, Phoebe Prescott ,,00447996278008,,phoebe.prescott@examplemail.co,,INV 1096,,14 Jan 2025,,Operational Check,,Std,,South,,Bristol City,,United Kingdom,"450,00",,2,,,,,,,
136,,,branch_south.csv,branch,ISLA ASHCROFT,,00447682624278,,isla.ashcroft@examplemail.co,,,,23 Mar 2025,,Store Refresh,,P,,south office,,leeds ,,United Kingdom,,,4,,,,,,,
137,,,branch_south.csv,branch,IMOGEN KENSINGTON,,07624 232 414,,IMOGEN.KENSINGTON@EXAMPLEMAIL.CO.UK,,inv-1098,,2025-01-19,,Op Check,,Std,,central office,,Manchester,,United Kingdom,"750,00",,3,,,,,,,
138,,,branch_south.csv,branch,Phoebe Darlington,,07200 273 738,,PHOEBE.DARLINGTON@EXAMPLEMAIL.CO.UK,,INV1099,,10-02-2025,,maintenance visit,,Std,,Central Hub,,LEEDS,,United Kingdom,,,2,,,,,,,
139,,,branch_south.csv,branch,ALICE WAVERLEY,,00447731924051,,ALICE.WAVERLEY@EXAMPLEMAIL.CO.UK,,INV1100,,22/03/25,,Refresh,,premium service,,South Branch,,Leeds,,United Kingdom,,,3,,,,,,,
140,,,branch_south.csv,branch,Amelia Darlington,,07812308209,, amelia.darlington@examplemail.co.uk ,,,,15 Feb 2025,,Install Support,,Standard,,Central,,leeds ,,United Kingdom,"150,00",,1,,,,,,,
141,,,branch_south.csv,branch,henry templeton,,00000000000,, henry.templeton@examplemail.co.uk ,,,,2025-02-01,,operational check,,Basic,,NORTH HQ,,birminham,,United Kingdom,,,3,,,,,,,
142,,,branch_south.csv,branch,rosie collins,,07902099,,rosie.collins@examplemail.co,,,,20 Mar 2025,,priority service call,,prem,,NORTH HQ,,leeds ,,United Kingdom,"300,00",,2,,,,,,,
143,,,branch_south.csv,branch,isla ashcroft,,00447682624278,,isla.ashcroft@examplemail.co,,,,07-02-2025,,Priority Service Call,,prem,,south office,,Leedz,,United Kingdom,350,,2,,,,,,,
144,,,branch_south.csv,branch,Sophie  Winslow,,+44 7694 164 665,, sophie.winslow@examplemail.co.uk ,,,,25-02-2025,,deep cleaning package,,P,,NORTH HQ,,Birmingham,,United Kingdom,£600,,4,,,,,,,
145,,,branch_south.csv,branch,oscar redford,,07511 872 350,,oscar.redford@@examplemail.co.uk,,1106,,18-01-2025,,Prem Consult,,P,,CENTRAL BRANCH,,manchester ,,United Kingdom,,,4,,,,,,,
146,,,branch_south.csv,branch,Sophie Hollis,,07705 557 720,,sophie.hollis@examplemail.co,,1107,,19 Jan 2025,,Install Support,,STD,,central office,,birminham,,United Kingdom,"275,00",,1,,,,,,,
147,,,branch_south.csv,branch, Poppy Mercer ,,00000000000,,poppy.mercer@@examplemail.co.uk,,,,23 February 2025,,priority service call,,premium service,,south office,,Mcr,,United Kingdom,"500,00",,2,,,,,,,
148,,,branch_south.csv,branch,Alfie  Fletcher,,07612957813,,alfie.fletcher@examplemail.co.uk,,,,25/01/25,,Deep Cleaning Package,,prem,,NORTH BRANCH,,leeds ,,United Kingdom,"450,00",,3,,,,,,,
149,,,branch_south.csv,branch, Imogen Hollis ,,07530613729,, imogen.hollis@examplemail.co.uk ,,,,07 Feb 2025,,CCR,,Basic,,South Branch,,Mcr,,United Kingdom,"200,00",,1,,,,,,,
150,,,branch_south.csv,branch,samuel ellison,,07592080,,samuel.ellison@@examplemail.co.uk,,inv 1111,,2025-02-14,,Priority Service Call,,premium service,,North,,Birmingham,,United Kingdom,£150,,1,,,,,,,
151,,,branch_south.csv,branch, George Chadwick ,,00447409268943,,george.chadwick@examplemail.co,,INV1112,,29/01/25,,installation support,,STD,,South,,MANCHESTER,,United Kingdom,,,1,,,,,,,
152,,,branch_south.csv,branch,LUKE WINSLOW,,00000000000,,luke.winslow@examplemail.co.uk,,inv-1113,,02/04/25,,Deep Cleaning Package,,P,,CENTRAL BRANCH,,BIRMINGHAM,,United Kingdom,"500,00",,2,,,,,,,
153,,,branch_south.csv,branch, Phoebe Winslow ,,+44 7879 591 310,,phoebe.winslow@@examplemail.co.uk,,inv-1114,,14 March 2025,,DC,,premium service,,NORTH HQ,,Leedz,,United Kingdom,,,3,,,,,,,
154,,,branch_south.csv,branch, Leo Sterling ,,00000000000,, leo.sterling@examplemail.co.uk ,,INV1115,,17/02/25,,store refresh,,P,,NORTH BRANCH,,Leedz,,United Kingdom,"150,00",,1,,,,,,,
155,,,branch_south.csv,branch,THEODORE MARLOWE,,00447599154414,,theodore.marlowe@@examplemail.co.uk,,,,12-03-2025,,Refresh,,Premium,,Central Hub,,Bristol City,,United Kingdom,"450,00",,3,,,,,,,
156,,,branch_south.csv,branch,PHOEBE DARLINGTON,,07200 273 738,,PHOEBE.DARLINGTON@EXAMPLEMAIL.CO.UK,,,,2025-02-23,,customer care review,,Basic,,Central Hub,,leeds ,,United Kingdom,,,3,,,,,,,
157,,,branch_south.csv,branch,MATILDA AINSWORTH,,07126226563,, matilda.ainsworth@examplemail.co.uk ,,INV 1118,,10-03-2025,,Setup,,STD,,NORTH HQ,,manchester ,,United Kingdom,,,4,,,,,,,
158,,,branch_south.csv,branch,SAMUEL BRAMWELL,,00000000000,,samuel.bramwell@examplemail.co.uk,,INV-1119,,2025-01-16,,premium consultation,,Premium,,Central Hub,,BIRMINGHAM,,United Kingdom,,,4,,,,,,,
159,,,branch_south.csv,branch,George Sutton,,07200 140 141,, george.sutton@examplemail.co.uk ,,inv-1120,,24 March 2025,,Customer Care Review,,STD,,Central,,birminham,,United Kingdom,£550,,2,,,,,,,
160,,,branch_south.csv,branch,Eliza Ainsworth,,07932894,,eliza.ainsworth@examplemail.co,,inv-1121,,14-03-2025,,Operational Check,,Std,,Central Hub,,manchester ,,United Kingdom,,,1,,,,,,,
161,,,branch_south.csv,branch,Evie Chadwick,,00447462388455,,EVIE.CHADWICK@EXAMPLEMAIL.CO.UK,,INV 1122,,2025-03-09,,Priority Service Call,,P,,South Branch,,Leeds,,United Kingdom,,,3,,,,,,,
162,,,branch_south.csv,branch,Eleanor Redford,,00000000000,,eleanor.redford@@examplemail.co.uk,,INV-1123,,14-03-2025,,maintenance visit,,STD,,South,,leeds ,,United Kingdom,,,3,,,,,,,
163,,,branch_south.csv,branch, Isla Templeton ,,00000000000,,isla.templeton@examplemail.co,,,,27 Jan 2025,,Store Refresh,,Premium,,Central,,manchester ,,United Kingdom, 900 ,,4,,,,,,,
164,,,branch_south.csv,branch,ISLA MARLOWE,,00000000000,, isla.marlowe@examplemail.co.uk ,,INV-1125,,16-01-2025,,store refresh,,Premium,,central office,,manchester ,,United Kingdom,600.00,,3,,,,,,,
165,,,branch_south.csv,branch,Henry Templeton,,00000000000,, henry.templeton@examplemail.co.uk ,,,,15 March 2025,,Store Refresh,,P,,North,,Bham,,United Kingdom,"150,00",,1,,,,,,,
166,,,branch_south.csv,branch,Florence Collins,,07679153,,florence.collins@examplemail.co.uk,,,,2025-02-26,,Refresh,,Premium,,south office,,MANCHESTER,,United Kingdom,,,2,,,,,,,
167,,,branch_south.csv,branch,SAMUEL WHITMORE,,00000000000,,SAMUEL.WHITMORE@EXAMPLEMAIL.CO.UK,,,,02 Mar 2025,,Priority Call,,prem,,CENTRAL BRANCH,,Manchester,,United Kingdom,"95,00",,1,,,,,,,
168,,,branch_south.csv,branch, Freya Whitmore ,,00447480424119,,freya.whitmore@examplemail.co,,inv-1129,,11 March 2025,,customer care review,,Std,,Central Hub,,BRISTOL,,United Kingdom,300.00,,2,,,,,,,
169,,,branch_south.csv,branch,Florence  Prescott,,00447630833445,, florence.prescott@examplemail.co.uk ,,,,19 Feb 2025,,installation support,,Std,,Central Hub,,Bristol,,United Kingdom,675.00,,3,,,,,,,
170,,,branch_south.csv,branch,Hugo  Hollis,,07262 915 636,,hugo.hollis@@examplemail.co.uk,,INV 1131,,19 Mar 2025,,Priority Call,,Premium,,NORTH HQ,,BIRMINGHAM,,United Kingdom,"380,00",,4,,,,,,,
171,,,branch_south.csv,branch,ivy langley,,+44 7477 698 143,,ivy.langley@examplemail.co,,,,24 Jan 2025,,Customer Care Review,,Standard,,south,,Birmingham,,United Kingdom,275.00,,1,,,,,,,
172,,,branch_south.csv,branch,MARTHA PRITCHARD,,00000000000,, martha.pritchard@examplemail.co.uk ,,,,2025-03-24,,Installation Support,,Standard,,NORTH HQ,,MANCHESTER,,United Kingdom, 600 ,,4,,,,,,,
173,,,branch_south.csv,branch,rosie darlington,,07357 553 274,,rosie.darlington@@examplemail.co.uk,,inv-1134,,27/02/25,,Installation Support,,Basic,,North,,MANCHESTER,,United Kingdom,,,1,,,,,,,
174,,,branch_south.csv,branch,Nathan Sinclair,,07379 995 032,,NATHAN.SINCLAIR@EXAMPLEMAIL.CO.UK,,,,07 March 2025,,Deep Cleaning Package,,Premium,,SOUTH,,Leeds,,United Kingdom,£500,,2,,,,,,,
175,,,branch_south.csv,branch,SEBASTIAN CHADWICK,,07214 518 079,,sebastian.chadwick@examplemail.co,,,,2025-03-03,,On Site Setup,,STD,,south,,bristol ,,United Kingdom,"150,00",,1,,,,,,,
176,,,branch_south.csv,branch,Alice  Waverley,,00447731924051,,ALICE.WAVERLEY@EXAMPLEMAIL.CO.UK,,,,22-03-2025,,On Site Setup,,STD,,south office,,Leedz,,United Kingdom,,,4,,,,,,,
177,,,branch_south.csv,branch,jack bennett,,+44 7903 132 646,,jack.bennett@examplemail.co.uk,,,,19 Mar 2025,,operational check,,Basic,,CENTRAL BRANCH,,Bham,,United Kingdom,,,3,,,,,,,
178,,,branch_south.csv,branch, Oscar Winslow ,,00000000000,,OSCAR.WINSLOW@EXAMPLEMAIL.CO.UK,,,,14/02/25,,Setup,,Standard,,SOUTH,,Manchester,,United Kingdom, 400 ,,2,,,,,,,
179,,,branch_south.csv,branch,amelia fairchild,,00447491079829,,amelia.fairchild@examplemail.co.uk,,inv-1140,,13 Mar 2025,,On Site Setup,,Std,,central office,,Manchester,,United Kingdom,,,3,,,,,,,
180,,,branch_south.csv,branch,amelia fairchild,,00447491079829,,amelia.fairchild@examplemail.co.uk,,INV1141,,2025-03-24,,premium consultation,,P,,Central,,MANCHESTER,,United Kingdom,"900,00",,4,,,,,,,
181,,,branch_south.csv,branch,george langley,,07959629660,, george.langley@examplemail.co.uk ,,1142,,15-01-2025,,Maint Visit,,Standard,,CENTRAL BRANCH,,Leeds,,United Kingdom,£825,,3,,,,,,,
182,,,branch_south.csv,branch,clara bennett,,00000000000,,CLARA.BENNETT@EXAMPLEMAIL.CO.UK,,,,12-03-2025,,Maintenance Visit,,STD,,Central,,BIRMINGHAM,,United Kingdom,"600,00",,3,,,,,,,
183,,,branch_south.csv,branch,Freya  Whitmore,,00447480424119,,freya.whitmore@examplemail.co,,,,29 March 2025,,Prem Consult,,prem,,central office,,Bristol,,United Kingdom,"190,00",,2,,,,,,,
184,,,branch_south.csv,branch,Luke  Ashcroft,,07282 518 553,,luke.ashcroft@examplemail.co.uk,,INV1145,,2025-02-07,,priority service call,,P,,Central Hub,,Mcr,,United Kingdom,"250,00",,1,,,,,,,
185,,,branch_south.csv,branch, Thomas Sutton ,,07906341966,,thomas.sutton@examplemail.co,,INV 1146,,22-01-2025,,Op Check,,Basic,,central office,,Bham,,United Kingdom,"500,00",,2,,,,,,,
186,,,branch_south.csv,branch,Clara  Bennett,,00000000000,,CLARA.BENNETT@EXAMPLEMAIL.CO.UK,,inv-1147,,2025-03-12,,Operational Check,,Std,,Central Hub,,birminham,,United Kingdom,"600,00",,3,,,,,,,
187,,,branch_south.csv,branch, Thomas Sinclair ,,07463527,,thomas.sinclair@examplemail.co,,,,21 Jan 2025,,Deep Cleaning Package,,P,,SOUTH,,Leeds,,United Kingdom,"150,00",,1,,,,,,,
188,,,branch_south.csv,branch, Eleanor Pritchard ,,07434961,,eleanor.pritchard@examplemail.co,,INV1149,,14-01-2025,,Inventory Audit,,STD,,north,,birminham,,United Kingdom,£400,,2,,,,,,,
189,,,branch_south.csv,branch,Poppy Sinclair,,+44 7508 157 429,,poppy.sinclair@examplemail.co,,inv-1150,,17 Feb 2025,,Deep Cleaning Package,,P,,North,,birminham,,United Kingdom,"600,00",,3,,,,,,,
190,,,branch_south.csv,branch,Theodore  Sterling,,07696776072,,theodore.sterling@@examplemail.co.uk,,inv-1151,,18 March 2025,,Priority Call,,P,,Central Hub,,leeds ,,United Kingdom,"800,00",,4,,,,,,,
191,,,branch_south.csv,branch,Oscar  Winslow,,00000000000,,OSCAR.WINSLOW@EXAMPLEMAIL.CO.UK,,,,2025-02-21,,Premium Consultation,,P,,south office,,manchester ,,United Kingdom,£450,,3,,,,,,,
192,,,branch_south.csv,branch, Daniel Chadwick ,,00447336696312,,daniel.chadwick@@examplemail.co.uk,,,,16 Feb 2025,,Customer Care Review,,Standard,,CENTRAL BRANCH,,Bristol City,,United Kingdom,,,2,,,,,,,
193,,,branch_south.csv,branch, Martha Kensington ,,07174041,,MARTHA.KENSINGTON@EXAMPLEMAIL.CO.UK,,INV1154,,2025-02-20,,Priority Service Call,,premium service,,south,,Leeds,,United Kingdom,,,1,,,,,,,
194,,,branch_south.csv,branch, Freya Whitmore ,,00447480424119,,freya.whitmore@examplemail.co,,1155,,20/02/25,,operational check,,Std,,CENTRAL BRANCH,,BRISTOL,,United Kingdom, 750 ,,3,,,,,,,
195,,,branch_south.csv,branch,isla sterling,,07685823118,,ISLA.STERLING@EXAMPLEMAIL.CO.UK,,1156,,13 February 2025,,operational check,,STD,,central office,,manchester ,,United Kingdom,"200,00",,1,,,,,,,
196,,,branch_south.csv,branch, Clara Bennett ,,00000000000,,CLARA.BENNETT@EXAMPLEMAIL.CO.UK,,INV1157,,09-02-2025,,Customer Care Review,,STD,,Central Hub,,birminham,,United Kingdom,800.00,,4,,,,,,,
197,,,branch_south.csv,branch,GEORGE SUTTON,,07200 140 141,, george.sutton@examplemail.co.uk ,,INV1158,,2025-03-15,,store refresh,,prem,,Central Hub,,Bham,,United Kingdom,,,3,,,,,,,
198,,,branch_south.csv,branch,Phoebe Huxley,,00447396618390,,PHOEBE.HUXLEY@EXAMPLEMAIL.CO.UK,,INV1159,,2025-02-07,,on site setup,,STD,,North,,birminham,,United Kingdom,,,2,,,,,,,
199,,,branch_south.csv,branch, Phoebe Prescott ,,00447996278008,,phoebe.prescott@examplemail.co,,,,2025-03-04,,Customer Care Review,,Standard,,south office,,bristol ,,United Kingdom,,,2,,,,,,,
200,,,branch_south.csv,branch,Samuel  Sterling,,00447179308612,,SAMUEL.STERLING@EXAMPLEMAIL.CO.UK,,INV1161,,20 January 2025,,Installation Support,,STD,,South,,manchester ,,United Kingdom,"360,00",,3,,,,,,,
201,,,branch_south.csv,branch,Ivy  Bennett,,00000000000,,ivy.bennett@examplemail.co,,,,2025-01-17,,premium consultation,,premium service,,North Branch,,bristol ,,United Kingdom,300,,2,,,,,,,
202,,,branch_south.csv,branch,florence prescott,,00447630833445,, florence.prescott@examplemail.co.uk ,,1163,,2025-03-07,,Priority Service Call,,Premium,,central office,,Bristol City,,United Kingdom,,,4,,,,,,,
203,,,branch_south.csv,branch,SEBASTIAN SINCLAIR,,00447699226355,,sebastian.sinclair@@examplemail.co.uk,,,,17/01/25,,Op Check,,Basic,,NORTH BRANCH,,BIRMINGHAM,,United Kingdom,"1100,00",,4,,,,,,,
204,,,branch_south.csv,branch,Ivy Bennett,,00000000000,,ivy.bennett@examplemail.co,,,,22/03/25,,Deep Cleaning Package,,premium service,,North,,Bristol City,,United Kingdom,£250,,1,,,,,,,
205,,,branch_south.csv,branch,alfie ainsworth,,07386 480 450,,alfie.ainsworth@examplemail.co.uk,,,,06 Feb 2025,,deep cleaning package,,premium service,,south office,,MANCHESTER,,United Kingdom,,,1,,,,,,,
206,,,branch_south.csv,branch, Eleanor Huxley ,,07378 304 807,,ELEANOR.HUXLEY@EXAMPLEMAIL.CO.UK,,INV-1167,,2025-03-20,,Prem Consult,,prem,,South Branch,,Bristol City,,United Kingdom,"380,00",,4,,,,,,,
207,,,branch_south.csv,branch,AMELIA FAIRCHILD,,00447491079829,,amelia.fairchild@examplemail.co.uk,,1168,,02 Feb 2025,,store refresh,,prem,,Central,,Manchester,,United Kingdom, 750 ,,3,,,,,,,
208,,,branch_south.csv,branch,Samuel  Blackwell,,07461203124,,samuel.blackwell@examplemail.co,,,,27 February 2025,,Refresh,,prem,,Central Hub,,Bristol City,,United Kingdom,"360,00",,3,,,,,,,
209,,,branch_south.csv,branch,GEORGE BLACKWELL,,07161073,,george.blackwell@examplemail.co.uk,,inv-1170,,2025-03-01,,Priority Call,,Premium,,South Branch,,manchester ,,United Kingdom,,,2,,,,,,,
210,,,branch_south.csv,branch,THEODORE COLLINS,,07209747451,,theodore.collins@examplemail.co,,INV-1171,,2025-03-10,,Maintenance Visit,,Std,,North,,Leedz,,United Kingdom,"700,00",,4,,,,,,,
211,,,branch_south.csv,branch, Freya Crawford ,,00000000000,, freya.crawford@examplemail.co.uk ,,inv-1172,,23 February 2025,,Op Check,,Basic,,Central Hub,,Bristol City,,United Kingdom,£240,,2,,,,,,,
212,,,branch_south.csv,branch,Leo  Blackwell,,00000000000,, leo.blackwell@examplemail.co.uk ,,INV 1173,,29/03/25,,Store Refresh,,prem,,North,,birminham,,United Kingdom,"240,00",,2,,,,,,,
213,,,branch_south.csv,branch,eliza ellison,,+44 7220 117 054,,ELIZA.ELLISON@EXAMPLEMAIL.CO.UK,,INV 1174,,14/01/25,,Installation Support,,Basic,,south office,,Bham,,United Kingdom,,,2,,,,,,,
214,,,branch_south.csv,branch,George  Crawford,,00000000000,,george.crawford@examplemail.co.uk,,INV 1175,,08/02/25,,operational check,,Std,,NORTH BRANCH,,BIRMINGHAM,,United Kingdom,,,1,,,,,,,
215,,,branch_south.csv,branch, Alfie Fletcher ,,07612957813,,alfie.fletcher@examplemail.co.uk,,inv-1176,,08 Feb 2025,,maintenance visit,,Basic,,NORTH HQ,,leeds ,,United Kingdom,"525,00",,3,,,,,,,
216,,,branch_south.csv,branch,Nathan  Blackwell,,07688343096,,NATHAN.BLACKWELL@EXAMPLEMAIL.CO.UK,,,,04 April 2025,,Inv Audit,,Std,,South Branch,,BRISTOL,,United Kingdom, 800 ,,4,,,,,,,
217,,,branch_south.csv,branch,Harry  Blackwell,,07216396,,harry.blackwell@examplemail.co,,,,22 March 2025,,DC,,premium service,,South Branch,,Bham,,United Kingdom, 1100 ,,4,,,,,,,
218,,,branch_south.csv,branch,Eleanor Redford,,00000000000,,eleanor.redford@@examplemail.co.uk,,INV-1179,,02-04-2025,,CCR,,Standard,,south office,,Leedz,,United Kingdom,1000.00,,4,,,,,,,
219,,,branch_south.csv,branch,FLORENCE CHADWICK,,00447250519597,, florence.chadwick@examplemail.co.uk ,,,,27 Feb 2025,,Maintenance Visit,,Std,,CENTRAL BRANCH,,BRISTOL,,United Kingdom,,,2,,,,,,,
220,,,branch_south.csv,branch, Daniel Collins ,,00447813962536,, daniel.collins@examplemail.co.uk ,,inv 1181,,2025-03-10,,Inventory Audit,,Std,,NORTH BRANCH,,Bristol City,,United Kingdom,,,4,,,,,,,
221,,,branch_south.csv,branch,SOPHIE BRAMWELL,,+44 7153 992 714,,sophie.bramwell@examplemail.co,,,,11 February 2025,,on site setup,,Basic,,South Branch,,Manchester,,United Kingdom,"275,00",,1,,,,,,,
222,,,branch_south.csv,branch,Ivy  Langley,,+44 7477 698 143,,ivy.langley@examplemail.co,,INV-1183,,19 March 2025,,Prem Consult,,P,,SOUTH,,Birmingham,,United Kingdom,,,3,,,,,,,
223,,,branch_south.csv,branch, Nathan Bramwell ,,07634366,, nathan.bramwell@examplemail.co.uk ,,inv 1184,,28 March 2025,,Install Support,,Basic,,south office,,Manchester,,United Kingdom,"350,00",,2,,,,,,,
224,,,branch_south.csv,branch,Matilda Whitmore,,07438817025,,matilda.whitmore@@examplemail.co.uk,,,,21/02/25,,on site setup,,STD,,CENTRAL BRANCH,,MANCHESTER,,United Kingdom, 350 ,,2,,,,,,,
225,,,branch_south.csv,branch,Arthur Mercer,,07463016614,,arthur.mercer@@examplemail.co.uk,,INV 1186,,2025-02-10,,Operational Check,,Basic,,NORTH HQ,,Birmingham,,United Kingdom,700.00,,4,,,,,,,
226,,,branch_south.csv,branch,hugo winslow,,07570040006,,hugo.winslow@@examplemail.co.uk,,,,15 Feb 2025,,Customer Care Review,,Standard,,central office,,bristol ,,United Kingdom,£600,,3,,,,,,,
227,,,branch_south.csv,branch,beatrice bramwell,,07338 836 384,,beatrice.bramwell@examplemail.co,,INV-1188,,16 Mar 2025,,customer care review,,Standard,,North,,BRISTOL,,United Kingdom,,,1,,,,,,,
228,,,branch_south.csv,branch,MATILDA AINSWORTH,,07126226563,, matilda.ainsworth@examplemail.co.uk ,,,,26 Feb 2025,,Setup,,Std,,North Branch,,Manchester,,United Kingdom,£175,,1,,,,,,,
229,,,branch_south.csv,branch,George  Langley,,07959629660,, george.langley@examplemail.co.uk ,,INV1190,,2025-02-12,,DC,,P,,CENTRAL BRANCH,,LEEDS,,United Kingdom,"450,00",,3,,,,,,,
230,,,branch_south.csv,branch,SAMUEL ELLISON,,07592080,,samuel.ellison@@examplemail.co.uk,,inv-1191,,08 Feb 2025,,CCR,,Std,,NORTH HQ,,BIRMINGHAM,,United Kingdom,£900,,4,,,,,,,
231,,,branch_south.csv,branch, Alfie Ainsworth ,,07386 480 450,,alfie.ainsworth@examplemail.co.uk,,INV-1192,,02-04-2025,,operational check,,STD,,south,,MANCHESTER,,United Kingdom,"450,00",,2,,,,,,,
232,,,branch_south.csv,branch,Edward  Prescott,,07266 211 829,,EDWARD.PRESCOTT@EXAMPLEMAIL.CO.UK,,,,20 March 2025,,Inventory Audit,,Standard,,Central Hub,,Bristol,,United Kingdom,,,1,,,,,,,
233,,,branch_south.csv,branch,EDWARD MARLOWE,,07509760,,edward.marlowe@examplemail.co,,inv-1194,,10 January 2025,,deep cleaning package,,P,,North Branch,,bristol ,,United Kingdom,,,2,,,,,,,
234,,,branch_south.csv,branch, Florence Chadwick ,,00447250519597,, florence.chadwick@examplemail.co.uk ,,INV-1195,,06-02-2025,,Deep Cleaning Package,,P,,Central Hub,,Bristol City,,United Kingdom,"285,00",,3,,,,,,,
235,,,branch_south.csv,branch,Phoebe  Winslow,,+44 7879 591 310,,phoebe.winslow@@examplemail.co.uk,,inv-1196,,12-03-2025,,Install Support,,Standard,,NORTH BRANCH,,Leeds,,United Kingdom,"250,00",,1,,,,,,,
236,,,branch_south.csv,branch, Daniel Chadwick ,,00447336696312,,daniel.chadwick@@examplemail.co.uk,,inv-1197,,18 March 2025,,Deep Cleaning Package,,premium service,,Central Hub,,Bristol,,United Kingdom,,,1,,,,,,,
237,,,branch_south.csv,branch,George  Blackwell,,07161073,,george.blackwell@examplemail.co.uk,,INV 1198,,2025-01-22,,Prem Consult,,Premium,,south,,MANCHESTER,,United Kingdom,"350,00",,2,,,,,,,
238,,,branch_south.csv,branch,Phoebe Winslow,,+44 7879 591 310,,phoebe.winslow@@examplemail.co.uk,,1199,,11 Feb 2025,,priority service call,,Premium,,NORTH HQ,,Leeds,,United Kingdom,,,4,,,,,,,
239,,,legacy_export.csv,legacy,FLORENCE CHADWICK,,00000000000,, florence.chadwick@examplemail.co.uk ,,1180,,2025-02-27,,MAINTENANCE VISIT,,STANDARD,,CENTRAL OFFICE,,BRISTOL ,,United Kingdom,350,,2,,,,,,,
240,,,legacy_export.csv,legacy,DANIEL COLLINS,,00000000000,, daniel.collins@examplemail.co.uk ,,INV1181,,10-03-2025,,INVENTORY AUDIT,,STD,,NORTH,,BRISTOL,,United Kingdom,600,,4,,,,,,,
241,,,legacy_export.csv,legacy,SOPHIE BRAMWELL,,00000000000,,nil,,INV1182,,11-02-2025,,ON SITE SETUP,,STD,,SOUTH,,MANCHESTER,,United Kingdom,275,,1,,,,,,,
242,,,legacy_export.csv,legacy,IVY LANGLEY,,+44 7477 698 143,,ivy.langley@examplemail.co,,INV1183,,19 March 2025,,PREMIUM CONSULTATION,,PREMIUM,,SOUTH,,BIRMINHAM,,United Kingdom,750,,3,,,,,,,
243,,,legacy_export.csv,legacy,NATHAN BRAMWELL,,,, NATHAN.BRAMWELL@EXAMPLEMAIL.CO.UK ,,INV1184,,28 March 2025,,INSTALLATION SUPPORT,,BASIC,,SOUTH,,MANCHESTER,,United Kingdom,350,,2,,,,,,,
244,,,legacy_export.csv,legacy,MATILDA WHITMORE,,,,matilda.whitmore@@examplemail.co.uk,,INV1185,,2025-02-21,,ON SITE SETUP,,BASIC,,CENTRAL OFFICE,,MCR,,United Kingdom,350,,2,,,,,,,
245,,,legacy_export.csv,legacy,ARTHUR MERCER,,,,arthur.mercer@@examplemail.co.uk,,INV1186,,2025-02-10,,OPERATIONAL CHECK,,STD,,NORTH,,BIRMINGHAM,,United Kingdom,700,,4,,,,,,,
246,,,legacy_export.csv,legacy,HUGO WINSLOW,,07570040006,,HUGO.WINSLOW@@EXAMPLEMAIL.CO.UK,,INV1187,,15-02-2025,,CUSTOMER CARE REVIEW,,STD,,CENTRAL,,BRISTOL ,,United Kingdom,0,,3,,,,,,,
247,,,legacy_export.csv,legacy,BEATRICE BRAMWELL,,,,beatrice.bramwell@examplemail.co,,INV1188,,16-03-2025,,CUSTOMER CARE REVIEW,,STD,,NORTH BRANCH,,BRISTOL CITY,,United Kingdom,275,,1,,,,,,,
248,,,legacy_export.csv,legacy,MATILDA AINSWORTH,,,, matilda.ainsworth@examplemail.co.uk ,,INV1189,,26 February 2025,,ON SITE SETUP,,STANDARD,,NORTH HQ,,MANCHESTER,,United Kingdom,175,,1,,,,,,,
249,,,legacy_export.csv,legacy,GEORGE LANGLEY,,00000000000,,unknown,,INV1190,,12 February 2025,,DEEP CLEANING PACKAGE,,P,,CENTRAL,,LEEDS,,United Kingdom,0,,3,,,,,,,
250,,,legacy_export.csv,legacy,SAMUEL ELLISON,,00000000000,,samuel.ellison@@examplemail.co.uk,,INV1191,,08/02/25,,CUSTOMER CARE REVIEW,,STD,,NORTH HQ,,BIRMINHAM,,United Kingdom,900,,4,,,,,,,
251,,,legacy_export.csv,legacy,ALFIE AINSWORTH,,00000000000,,alfie.ainsworth@examplemail.co.uk,,1192,,2025-04-02,,OPERATIONAL CHECK,,BASIC,,SOUTH,,MANCHESTER ,,United Kingdom,450,,2,,,,,,,
252,,,legacy_export.csv,legacy,EDWARD PRESCOTT,,,,EDWARD.PRESCOTT@EXAMPLEMAIL.CO.UK,,INV1193,,20-03-2025,,INVENTORY AUDIT,,BASIC,,CENTRAL BRANCH,,BRISTOL CITY,,United Kingdom,95,,1,,,,,,,
253,,,legacy_export.csv,legacy,EDWARD MARLOWE,,,,nil,,INV1194,,10 January 2025,,DEEP CLEANING PACKAGE,,P,,NORTH HQ,,BRISTOL,,United Kingdom,240,,2,,,,,,,
254,,,legacy_export.csv,legacy,FLORENCE CHADWICK,,00000000000,, FLORENCE.CHADWICK@EXAMPLEMAIL.CO.UK ,,INV1195,,06/02/25,,DEEP CLEANING PACKAGE,,P,,CENTRAL,,BRISTOL,,United Kingdom,285,,3,,,,,,,
255,,,legacy_export.csv,legacy,PHOEBE WINSLOW,,+44 7879 591 310,,phoebe.winslow@@examplemail.co.uk,,INV1196,,12 Mar 2025,,INSTALLATION SUPPORT,,STD,,NORTH HQ,,LEEDS,,United Kingdom,250,,1,,,,,,,
256,,,legacy_export.csv,legacy,DANIEL CHADWICK,,,,nil,,INV1197,,2025-03-18,,DEEP CLEANING PACKAGE,,PREM,,CENTRAL HUB,,BRISTOL,,United Kingdom,250,,1,,,,,,,
257,,,legacy_export.csv,legacy,GEORGE BLACKWELL,,,,unknown,,INV1198,,2025-01-22,,PREMIUM CONSULTATION,,PREMIUM,,SOUTH,,MANCHESTER,,United Kingdom,350,,2,,,,,,,
258,,,legacy_export.csv,legacy,PHOEBE WINSLOW,,00000000000,,unknown,,INV1199,,11-02-2025,,PRIORITY SERVICE CALL,,PREMIUM SERVICE,,NORTH,,LEEDZ,,United Kingdom,480,,4,,,,,,,
259,,,legacy_export.csv,legacy,IMOGEN KENSINGTON,,07624 232 414,,unknown,,1200,,09 Mar 2025,,STORE REFRESH,,PREMIUM,,CENTRAL,,MCR,,United Kingdom,0,,2,,,,,,,
260,,,legacy_export.csv,legacy,LOUIS PRITCHARD,,,,louis.pritchard@examplemail.co,,INV1201,,03 April 2025,,PREMIUM CONSULTATION,,PREM,,CENTRAL HUB,,BRISTOL CITY,,United Kingdom,0,,4,,,,,,,
261,,,legacy_export.csv,legacy,EDWARD HOLLIS,,,,edward.hollis@examplemail.co,,1202,,11 Mar 2025,,PRIORITY SERVICE CALL,,PREMIUM SERVICE,,NORTH BRANCH,,BRISTOL,,United Kingdom,0,,2,,,,,,,
262,,,legacy_export.csv,legacy,MAX WHITMORE,,00447604011128,,MAX.WHITMORE@EXAMPLEMAIL.CO,,INV1203,,02-04-2025,,STORE REFRESH,,P,,NORTH BRANCH,,LEEDS,,United Kingdom,175,,1,,,,,,,
263,,,legacy_export.csv,legacy,AMELIA DARLINGTON,,07812308209,,nil,,INV1204,,11-03-2025,,INSTALLATION SUPPORT,,STD,,CENTRAL OFFICE,,LEEDS,,United Kingdom,200,,1,,,,,,,
264,,,legacy_export.csv,legacy,THOMAS SINCLAIR,,,,unknown,,1205,,04/04/25,,INSTALLATION SUPPORT,,STANDARD,,NORTH BRANCH,,MANCHESTER,,United Kingdom,285,,3,,,,,,,
265,,,legacy_export.csv,legacy,ALICE LOWTHER,,00000000000,,ALICE.LOWTHER@@EXAMPLEMAIL.CO.UK,,INV1206,,28 Jan 2025,,INSTALLATION SUPPORT,,STD,,CENTRAL OFFICE,,LEEDS,,United Kingdom,450,,3,,,,,,,
266,,,legacy_export.csv,legacy,IVY BENNETT,,00000000000,,IVY.BENNETT@EXAMPLEMAIL.CO,,INV1207,,2025-03-23,,ON SITE SETUP,,STANDARD,,NORTH,,BRISTOL,,United Kingdom,600,,4,,,,,,,
267,,,legacy_export.csv,legacy,SEBASTIAN CHADWICK,,,,unknown,,INV1208,,2025-03-15,,PREMIUM CONSULTATION,,PREMIUM,,SOUTH OFFICE,,BRISTOL,,United Kingdom,250,,1,,,,,,,
268,,,legacy_export.csv,legacy,ELEANOR HUXLEY,,,,nil,,INV1209,,22-02-2025,,PREMIUM CONSULTATION,,P,,SOUTH BRANCH,,BRISTOL,,United Kingdom,285,,3,,,,,,,
269,,,legacy_export.csv,legacy,EVIE HUXLEY,,00000000000,,nil,,1210,,08-03-2025,,MAINTENANCE VISIT,,BASIC,,SOUTH,,BRISTOL,,United Kingdom,0,,3,,,,,,,
270,,,legacy_export.csv,legacy,AMELIA BRAMWELL,,,,nil,,INV1211,,2025-03-25,,INVENTORY AUDIT,,BASIC,,SOUTH OFFICE,,BRISTOL CITY,,United Kingdom,525,,3,,,,,,,
271,,,legacy_export.csv,legacy,HENRY TEMPLETON,,00000000000,, HENRY.TEMPLETON@EXAMPLEMAIL.CO.UK ,,1212,,13 February 2025,,PREMIUM CONSULTATION,,PREMIUM,,NORTH BRANCH,,BIRMINHAM,,United Kingdom,0,,2,,,,,,,
272,,,legacy_export.csv,legacy,MATILDA AINSWORTH,,07126226563,, MATILDA.AINSWORTH@EXAMPLEMAIL.CO.UK ,,INV1213,,23 Jan 2025,,CUSTOMER CARE REVIEW,,BASIC,,NORTH,,MANCHESTER,,United Kingdom,825,,3,,,,,,,
273,,,legacy_export.csv,legacy,ISLA ASHCROFT,,00000000000,,unknown,,INV1214,,23-01-2025,,MAINTENANCE VISIT,,STD,,SOUTH OFFICE,,LEEDS,,United Kingdom,500,,2,,,,,,,
274,,,legacy_export.csv,legacy,SAMUEL BLACKWELL,,00000000000,,samuel.blackwell@examplemail.co,,INV1215,,22-03-2025,,PRIORITY SERVICE CALL,,PREMIUM SERVICE,,CENTRAL HUB,,BRISTOL,,United Kingdom,-95,,1,,,,,,,
275,,,legacy_export.csv,legacy,ELEANOR REDFORD,,07637 500 247,,unknown,,INV1216,,21/03/25,,CUSTOMER CARE REVIEW,,STD,,NORTH BRANCH,,LEEDS,,United Kingdom,380,,4,,,,,,,
276,,,legacy_export.csv,legacy,ALFIE MARLOWE,,+44 7872 830 248,,alfie.marlowe@@examplemail.co.uk,,1217,,28 Feb 2025,,STORE REFRESH,,P,,SOUTH,,BIRMINGHAM,,United Kingdom,500,,2,,,,,,,
277,,,legacy_export.csv,legacy,EDWARD PRESCOTT,,00000000000,,nil,,1218,,13-02-2025,,INVENTORY AUDIT,,STD,,CENTRAL BRANCH,,BRISTOL CITY,,United Kingdom,600,,4,,,,,,,
278,,,legacy_export.csv,legacy,ROSIE COLLINS,,00000000000,,ROSIE.COLLINS@EXAMPLEMAIL.CO,,1219,,06-03-2025,,INVENTORY AUDIT,,STD,,NORTH,,LEEDS,,United Kingdom,0,,3,,,,,,,
279,,,legacy_export.csv,legacy,EDWARD MARLOWE,,07509760,,unknown,,1220,,11-02-2025,,CUSTOMER CARE REVIEW,,BASIC,,NORTH,,BRISTOL,,United Kingdom,550,,2,,,,,,,
280,,,legacy_export.csv,legacy,ISLA TEMPLETON,,00000000000,,isla.templeton@examplemail.co,,1221,,17/02/25,,INVENTORY AUDIT,,STD,,CENTRAL,,MANCHESTER ,,United Kingdom,0,,3,,,,,,,
281,,,legacy_export.csv,legacy,THOMAS SUTTON,,,,THOMAS.SUTTON@EXAMPLEMAIL.CO,,INV1222,,21 February 2025,,OPERATIONAL CHECK,,BASIC,,CENTRAL OFFICE,,BHAM,,United Kingdom,675,,3,,,,,,,
282,,,legacy_export.csv,legacy,SAMUEL WHITMORE,,00000000000,,SAMUEL.WHITMORE@EXAMPLEMAIL.CO.UK,,INV1223,,12/03/25,,ON SITE SETUP,,BASIC,,CENTRAL,,MCR,,United Kingdom,0,,4,,,,,,,
283,,,legacy_export.csv,legacy,ALFIE MARLOWE,,+44 7872 830 248,,unknown,,INV1224,,24/03/25,,OPERATIONAL CHECK,,BASIC,,SOUTH,,BHAM,,United Kingdom,800,,4,,,,,,,
284,,,legacy_export.csv,legacy,EVIE CHADWICK,,00447462388455,,EVIE.CHADWICK@EXAMPLEMAIL.CO.UK,,INV1225,,2025-01-24,,CUSTOMER CARE REVIEW,,STANDARD,,SOUTH OFFICE,,LEEDZ,,United Kingdom,190,,2,,,,,,,
285,,,legacy_export.csv,legacy,ZARA SUTTON,,00000000000,,nil,,1226,,07 March 2025,,ON SITE SETUP,,STD,,CENTRAL BRANCH,,BRISTOL ,,United Kingdom,0,,4,,,,,,,
286,,,legacy_export.csv,legacy,FREYA WHITMORE,,00000000000,,FREYA.WHITMORE@EXAMPLEMAIL.CO,,1227,,09 Feb 2025,,MAINTENANCE VISIT,,STD,,CENTRAL HUB,,BRISTOL ,,United Kingdom,1000,,4,,,,,,,
287,,,legacy_export.csv,legacy,HENRY TEMPLETON,,00000000000,,nil,,INV1228,,27/03/25,,OPERATIONAL CHECK,,STD,,NORTH,,BIRMINGHAM,,United Kingdom,380,,4,,,,,,,
288,,,legacy_export.csv,legacy,ISLA ASHCROFT,,00447682624278,,unknown,,1229,,27/03/25,,PRIORITY SERVICE CALL,,PREM,,SOUTH,,LEEDS,,United Kingdom,450,,2,,,,,,,
289,,,legacy_export.csv,legacy,BEATRICE HARRINGTON,,00000000000,,BEATRICE.HARRINGTON@EXAMPLEMAIL.CO.UK,,INV1230,,2025-01-15,,INSTALLATION SUPPORT,,STD,,SOUTH OFFICE,,LEEDS,,United Kingdom,0,,3,,,,,,,
290,,,legacy_export.csv,legacy,ISLA TEMPLETON,,,,isla.templeton@examplemail.co,,INV1231,,22/01/25,,DEEP CLEANING PACKAGE,,PREM,,CENTRAL HUB,,MANCHESTER,,United Kingdom,550,,2,,,,,,,
291,,,legacy_export.csv,legacy,IMOGEN KENSINGTON,,,,nil,,1232,,2025-03-10,,STORE REFRESH,,PREMIUM,,CENTRAL,,MANCHESTER ,,United Kingdom,285,,3,,,,,,,
292,,,legacy_export.csv,legacy,HARRY CHADWICK,,,,unknown,,1233,,16 Feb 2025,,PREMIUM CONSULTATION,,PREMIUM,,NORTH,,BRISTOL,,United Kingdom,150,,1,,,,,,,
293,,,legacy_export.csv,legacy,LUKE HOLLIS,,00000000000,,unknown,,INV1234,,2025-02-22,,MAINTENANCE VISIT,,STD,,CENTRAL,,MANCHESTER,,United Kingdom,0,,4,,,,,,,
294,,,legacy_export.csv,legacy,ALFIE CRAWFORD,,,,nil,,INV1235,,07 March 2025,,PREMIUM CONSULTATION,,PREMIUM SERVICE,,CENTRAL,,BRISTOL,,United Kingdom,0,,1,,,,,,,
295,,,legacy_export.csv,legacy,ISLA MARLOWE,,00000000000,, ISLA.MARLOWE@EXAMPLEMAIL.CO.UK ,,INV1236,,12 January 2025,,PREMIUM CONSULTATION,,PREMIUM,,CENTRAL,,MCR,,United Kingdom,350,,2,,,,,,,
296,,,legacy_export.csv,legacy,ALICE WAVERLEY,,00000000000,,ALICE.WAVERLEY@EXAMPLEMAIL.CO.UK,,1237,,21 Mar 2025,,INVENTORY AUDIT,,STD,,SOUTH,,LEEDS,,United Kingdom,0,,4,,,,,,,
297,,,legacy_export.csv,legacy,ELEANOR HUXLEY,,07702269164,,unknown,,1238,,31-03-2025,,STORE REFRESH,,PREM,,SOUTH,,BRISTOL CITY,,United Kingdom,0,,4,,,,,,,
298,,,legacy_export.csv,legacy,CLARA WHITMORE,,+44 7692 749 116,,clara.whitmore@@examplemail.co.uk,,1239,,04 February 2025,,INSTALLATION SUPPORT,,BASIC,,SOUTH OFFICE,,BIRMINGHAM,,United Kingdom,380,,4,,,,,,,
299,,,legacy_export.csv,legacy,AMELIA DARLINGTON,,07812308209,,nil,,INV1240,,14 Feb 2025,,ON SITE SETUP,,STD,,CENTRAL OFFICE,,LEEDS,,United Kingdom,450,,2,,,,,,,
300,,,legacy_export.csv,legacy,FLORENCE PRESCOTT,,00447630833445,,unknown,,INV1241,,2025-03-09,,ON SITE SETUP,,STANDARD,,CENTRAL HUB,,BRISTOL CITY,,United Kingdom,900,,4,,,,,,,
301,,,legacy_export.csv,legacy,ARTHUR HARRINGTON,,07862 123 506,,ARTHUR.HARRINGTON@EXAMPLEMAIL.CO.UK,,INV1242,,29 March 2025,,STORE REFRESH,,PREM,,CENTRAL OFFICE,,MCR,,United Kingdom,675,,3,,,,,,,
302,,,legacy_export.csv,legacy,FLORENCE SINCLAIR,,,, FLORENCE.SINCLAIR@EXAMPLEMAIL.CO.UK ,,1243,,01 February 2025,,INSTALLATION SUPPORT,,BASIC,,NORTH BRANCH,,BRISTOL,,United Kingdom,0,,2,,,,,,,
303,,,legacy_export.csv,legacy,ARTHUR MERCER,,00000000000,,ARTHUR.MERCER@@EXAMPLEMAIL.CO.UK,,1244,,18 Feb 2025,,ON SITE SETUP,,BASIC,,NORTH HQ,,BHAM,,United Kingdom,450,,3,,,,,,,
304,,,legacy_export.csv,legacy,SEBASTIAN SINCLAIR,,00000000000,,unknown,,1245,,04/03/25,,STORE REFRESH,,PREMIUM SERVICE,,NORTH HQ,,BIRMINGHAM,,United Kingdom,0,,4,,,,,,,
305,,,legacy_export.csv,legacy,ARTHUR STERLING,,00000000000,,arthur.sterling@examplemail.co.uk,,1246,,01-04-2025,,OPERATIONAL CHECK,,BASIC,,CENTRAL OFFICE,,MANCHESTER,,United Kingdom,550,,2,,,,,,,
306,,,legacy_export.csv,legacy,AMELIA FAIRCHILD,,00000000000,,AMELIA.FAIRCHILD@EXAMPLEMAIL.CO.UK,,1247,,02 Feb 2025,,INVENTORY AUDIT,,STD,,CENTRAL OFFICE,,MANCHESTER,,United Kingdom,225,,1,,,,,,,
307,,,legacy_export.csv,legacy,OLIVER SINCLAIR,,,,OLIVER.SINCLAIR@EXAMPLEMAIL.CO.UK,,INV1248,,27-01-2025,,OPERATIONAL CHECK,,STANDARD,,NORTH BRANCH,,MANCHESTER,,United Kingdom,1000,,4,,,,,,,
308,,,legacy_export.csv,legacy,LOUIS PRITCHARD,,00000000000,,unknown,,INV1249,,04-03-2025,,OPERATIONAL CHECK,,STANDARD,,CENTRAL,,BRISTOL CITY,,United Kingdom,0,,2,,,,,,,
309,,,legacy_export.csv,legacy,IVY BENNETT,,00000000000,,nil,,INV1250,,07 February 2025,,DEEP CLEANING PACKAGE,,PREM,,NORTH,,BRISTOL,,United Kingdom,0,,3,,,,,,,
310,,,legacy_export.csv,legacy,SAMUEL SINCLAIR,,00000000000,,SAMUEL.SINCLAIR@@EXAMPLEMAIL.CO.UK,,INV1251,,31/01/25,,MAINTENANCE VISIT,,STANDARD,,CENTRAL HUB,,MANCHESTER ,,United Kingdom,120,,1,,,,,,,
311,,,legacy_export.csv,legacy,HUGO ELLISON,,00000000000,,HUGO.ELLISON@EXAMPLEMAIL.CO.UK,,1252,,25 February 2025,,PRIORITY SERVICE CALL,,PREMIUM,,SOUTH,,BHAM,,United Kingdom,0,,4,,,,,,,
312,,,legacy_export.csv,legacy,FREYA PRESCOTT,,,,unknown,,INV1253,,03-04-2025,,PREMIUM CONSULTATION,,PREM,,SOUTH OFFICE,,BIRMINHAM,,United Kingdom,275,,1,,,,,,,
313,,,legacy_export.csv,legacy,MARTHA PRITCHARD,,,,nil,,INV1254,,21/01/25,,CUSTOMER CARE REVIEW,,STANDARD,,NORTH BRANCH,,MANCHESTER ,,United Kingdom,0,,2,,,,,,,
314,,,legacy_export.csv,legacy,IMOGEN BENNETT,,,,imogen.bennett@examplemail.co,,INV1255,,29 March 2025,,CUSTOMER CARE REVIEW,,STD,,NORTH BRANCH,,LEEDS,,United Kingdom,350,,2,,,,,,,
315,,,legacy_export.csv,legacy,MARTHA STERLING,,+44 7496 776 692,, MARTHA.STERLING@EXAMPLEMAIL.CO.UK ,,1256,,23/03/25,,DEEP CLEANING PACKAGE,,PREMIUM SERVICE,,NORTH,,MANCHESTER ,,United Kingdom,0,,2,,,,,,,
316,,,legacy_export.csv,legacy,ALFIE MARLOWE,,+44 7872 830 248,,ALFIE.MARLOWE@@EXAMPLEMAIL.CO.UK,,INV1257,,2025-03-24,,MAINTENANCE VISIT,,BASIC,,SOUTH OFFICE,,BHAM,,United Kingdom,500,,2,,,,,,,
317,,,legacy_export.csv,legacy,JACK SUTTON,,,, JACK.SUTTON@EXAMPLEMAIL.CO.UK ,,INV1258,,2025-04-03,,MAINTENANCE VISIT,,BASIC,,SOUTH,,BRISTOL CITY,,United Kingdom,300,,2,,,,,,,
318,,,legacy_export.csv,legacy,ZARA MARLOWE,,00000000000,,zara.marlowe@@examplemail.co.uk,,1259,,01/03/25,,ON SITE SETUP,,STANDARD,,NORTH,,BRISTOL,,United Kingdom,0,,3,,,,,,,
319,,,legacy_export.csv,legacy,EDWARD HOLLIS,,00000000000,,edward.hollis@examplemail.co,,INV1260,,19-01-2025,,OPERATIONAL CHECK,,BASIC,,NORTH BRANCH,,BRISTOL,,United Kingdom,675,,3,,,,,,,
320,,,legacy_export.csv,legacy,THEODORE STERLING,,,,unknown,,1261,,20-02-2025,,OPERATIONAL CHECK,,STD,,CENTRAL BRANCH,,LEEDS,,United Kingdom,0,,1,,,,,,,
321,,,legacy_export.csv,legacy,EVIE HUXLEY,,,,unknown,,INV1262,,2025-01-18,,CUSTOMER CARE REVIEW,,STD,,SOUTH OFFICE,,BRISTOL ,,United Kingdom,500,,2,,,,,,,
322,,,legacy_export.csv,legacy,AMELIA DARLINGTON,,07812308209,,unknown,,INV1263,,13 February 2025,,OPERATIONAL CHECK,,STD,,CENTRAL HUB,,LEEDS,,United Kingdom,450,,3,,,,,,,
323,,,legacy_export.csv,legacy,IVY BENNETT,,00000000000,,nil,,1264,,22 Feb 2025,,OPERATIONAL CHECK,,STD,,NORTH,,BRISTOL,,United Kingdom,275,,1,,,,,,,
324,,,legacy_export.csv,legacy,THEODORE AINSWORTH,,00000000000,,THEODORE.AINSWORTH@EXAMPLEMAIL.CO.UK,,INV1265,,30/01/25,,PREMIUM CONSULTATION,,PREMIUM,,NORTH BRANCH,,MANCHESTER,,United Kingdom,250,,1,,,,,,,
325,,,legacy_export.csv,legacy,FREYA SINCLAIR,,,,unknown,,1266,,03 April 2025,,INVENTORY AUDIT,,STD,,CENTRAL BRANCH,,MANCHESTER,,United Kingdom,360,,3,,,,,,,
326,,,legacy_export.csv,legacy,CLARA BENNETT,,00000000000,,nil,,INV1267,,11-02-2025,,CUSTOMER CARE REVIEW,,STD,,CENTRAL,,BIRMINGHAM,,United Kingdom,190,,2,,,,,,,
327,,,legacy_export.csv,legacy,IMOGEN WINSLOW,,00000000000,,IMOGEN.WINSLOW@@EXAMPLEMAIL.CO.UK,,INV1268,,08/02/25,,MAINTENANCE VISIT,,BASIC,,NORTH HQ,,BRISTOL ,,United Kingdom,95,,1,,,,,,,
328,,,legacy_export.csv,legacy,AMELIA DARLINGTON,,,, amelia.darlington@examplemail.co.uk ,,INV1269,,2025-01-19,,OPERATIONAL CHECK,,STD,,CENTRAL BRANCH,,LEEDS ,,United Kingdom,380,,4,,,,,,,
329,,,legacy_export.csv,legacy,OLIVER SINCLAIR,,07642621,,OLIVER.SINCLAIR@EXAMPLEMAIL.CO.UK,,INV1270,,25/01/25,,CUSTOMER CARE REVIEW,,BASIC,,NORTH,,MANCHESTER,,United Kingdom,0,,4,,,,,,,
330,,,legacy_export.csv,legacy,THEODORE BENNETT,,00000000000,,nil,,INV1271,,21 Jan 2025,,STORE REFRESH,,PREMIUM SERVICE,,NORTH,,LEEDZ,,United Kingdom,675,,3,,,,,,,
331,,,legacy_export.csv,legacy,DANIEL COLLINS,,,,nil,,INV1272,,27 Feb 2025,,INVENTORY AUDIT,,STD,,NORTH BRANCH,,BRISTOL,,United Kingdom,0,,1,,,,,,,
332,,,legacy_export.csv,legacy,OSCAR REDFORD,,00000000000,,unknown,,INV1273,,07-03-2025,,INVENTORY AUDIT,,STD,,CENTRAL OFFICE,,MANCHESTER,,United Kingdom,500,,2,,,,,,,
333,,,legacy_export.csv,legacy,PHOEBE HUXLEY,,00447396618390,,PHOEBE.HUXLEY@EXAMPLEMAIL.CO.UK,,1274,,2025-02-06,,OPERATIONAL CHECK,,STD,,NORTH BRANCH,,BIRMINGHAM,,United Kingdom,240,,2,,,,,,,
334,,,legacy_export.csv,legacy,IMOGEN BENNETT,,00447768548027,,nil,,INV1275,,23/02/25,,STORE REFRESH,,PREMIUM,,NORTH BRANCH,,LEEDS,,United Kingdom,350,,2,,,,,,,
335,,,legacy_export.csv,legacy,HARRY BLACKWELL,,07216396,,harry.blackwell@examplemail.co,,INV1276,,2025-02-10,,PREMIUM CONSULTATION,,PREM,,SOUTH OFFICE,,BIRMINGHAM,,United Kingdom,200,,1,,,,,,,
336,,,legacy_export.csv,legacy,MARTHA STERLING,,00000000000,,nil,,INV1277,,28 Mar 2025,,PRIORITY SERVICE CALL,,PREMIUM SERVICE,,NORTH HQ,,MANCHESTER,,United Kingdom,0,,4,,,,,,,
337,,,legacy_export.csv,legacy,THOMAS SINCLAIR,,07463527,,unknown,,INV1278,,09 Feb 2025,,DEEP CLEANING PACKAGE,,PREMIUM SERVICE,,SOUTH,,LEEDS,,United Kingdom,175,,1,,,,,,,
338,,,legacy_export.csv,legacy,MAX WHITMORE,,00447604011128,,max.whitmore@examplemail.co,,INV1279,,2025-01-19,,INSTALLATION SUPPORT,,STANDARD,,NORTH,,LEEDS,,United Kingdom,675,,3,,,,,,,
339,,,legacy_export.csv,legacy,THEODORE DARLINGTON,,07678 998 028,,theodore.darlington@@examplemail.co.uk,,INV1280,,23-03-2025,,STORE REFRESH,,PREMIUM SERVICE,,SOUTH,,MANCHESTER,,United Kingdom,0,,2,,,,,,,
340,,,legacy_export.csv,legacy,HENRY TEMPLETON,,,, HENRY.TEMPLETON@EXAMPLEMAIL.CO.UK ,,1281,,26 Mar 2025,,DEEP CLEANING PACKAGE,,PREM,,NORTH HQ,,BIRMINGHAM,,United Kingdom,525,,3,,,,,,,
341,,,legacy_export.csv,legacy,LEO FLETCHER,,,,unknown,,1282,,01 Mar 2025,,DEEP CLEANING PACKAGE,,PREM,,SOUTH,,LEEDS,,United Kingdom,1000,,4,,,,,,,
342,,,legacy_export.csv,legacy,POPPY TEMPLETON,,,,nil,,1283,,20 Jan 2025,,STORE REFRESH,,P,,NORTH HQ,,LEEDS,,United Kingdom,0,,3,,,,,,,
343,,,legacy_export.csv,legacy,JACK FAIRCHILD,,00000000000,,unknown,,INV1284,,2025-03-16,,PREMIUM CONSULTATION,,P,,SOUTH,,MANCHESTER ,,United Kingdom,750,,3,,,,,,,
344,,,legacy_export.csv,legacy,IMOGEN BENNETT,,00000000000,,nil,,1285,,18 February 2025,,PREMIUM CONSULTATION,,P,,NORTH,,LEEDS,,United Kingdom,0,,1,,,,,,,
345,,,legacy_export.csv,legacy,ELEANOR REDFORD,,00000000000,,unknown,,INV1286,,24 Jan 2025,,STORE REFRESH,,PREM,,NORTH,,LEEDS ,,United Kingdom,0,,3,,,,,,,
346,,,legacy_export.csv,legacy,ARTHUR MERCER,,00000000000,,unknown,,INV1287,,27 January 2025,,DEEP CLEANING PACKAGE,,PREMIUM,,NORTH BRANCH,,BIRMINGHAM,,United Kingdom,900,,4,,,,,,,
347,,,legacy_export.csv,legacy,IVY MARLOWE,,07918 982 730,, IVY.MARLOWE@EXAMPLEMAIL.CO.UK ,,INV1288,,12 Feb 2025,,PRIORITY SERVICE CALL,,P,,NORTH BRANCH,,BHAM,,United Kingdom,400,,2,,,,,,,
348,,,legacy_export.csv,legacy,ARTHUR MERCER,,00000000000,,arthur.mercer@@examplemail.co.uk,,1289,,21 Feb 2025,,DEEP CLEANING PACKAGE,,PREMIUM,,NORTH,,BHAM,,United Kingdom,0,,1,,,,,,,
349,,,legacy_export.csv,legacy,ELEANOR ELLISON,,00000000000,,unknown,,INV1290,,2025-03-14,,PREMIUM CONSULTATION,,PREM,,SOUTH OFFICE,,BRISTOL,,United Kingdom,275,,1,,,,,,,
350,,,legacy_export.csv,legacy,THEODORE FLETCHER,,00000000000,,theodore.fletcher@examplemail.co.uk,,1291,,26/02/25,,INVENTORY AUDIT,,BASIC,,CENTRAL HUB,,BRISTOL,,United Kingdom,120,,1,,,,,,,
351,,,legacy_export.csv,legacy,THEODORE BENNETT,,07927 982 963,,unknown,,INV1292,,10 January 2025,,PRIORITY SERVICE CALL,,PREMIUM,,NORTH BRANCH,,LEEDS,,United Kingdom,-190,,2,,,,,,,
352,,,legacy_export.csv,legacy,LEO HOLLIS,,00000000000,,nil,,1293,,28/02/25,,CUSTOMER CARE REVIEW,,STANDARD,,CENTRAL OFFICE,,LEEDS ,,United Kingdom,250,,1,,,,,,,
353,,,legacy_export.csv,legacy,PHOEBE HOLLIS,,00000000000,,unknown,,1294,,10 Feb 2025,,CUSTOMER CARE REVIEW,,STD,,SOUTH,,BHAM,,United Kingdom,360,,3,,,,,,,
354,,,legacy_export.csv,legacy,ZARA CRAWFORD,,00000000000,,unknown,,INV1295,,25/01/25,,CUSTOMER CARE REVIEW,,STD,,SOUTH OFFICE,,LEEDS,,United Kingdom,350,,2,,,,,,,
355,,,legacy_export.csv,legacy,ALICE WAVERLEY,,00000000000,,unknown,,1296,,2025-03-02,,DEEP CLEANING PACKAGE,,PREMIUM SERVICE,,SOUTH,,LEEDS ,,United Kingdom,-600,,3,,,,,,,
356,,,legacy_export.csv,legacy,FLORENCE PRESCOTT,,00000000000,, florence.prescott@examplemail.co.uk ,,INV1297,,21-03-2025,,PREMIUM CONSULTATION,,PREMIUM SERVICE,,CENTRAL OFFICE,,BRISTOL ,,United Kingdom,525,,3,,,,,,,
357,,,legacy_export.csv,legacy,ALFIE MARLOWE,,+44 7872 830 248,,alfie.marlowe@@examplemail.co.uk,,1298,,17-02-2025,,INSTALLATION SUPPORT,,STANDARD,,SOUTH,,BHAM,,United Kingdom,0,,4,,,,,,,
358,,,legacy_export.csv,legacy,GEORGE CHADWICK,,,,george.chadwick@examplemail.co,,INV1299,,04/02/25,,OPERATIONAL CHECK,,STANDARD,,SOUTH,,MANCHESTER,,United Kingdom,190,,2,,,,,,,
359,,,legacy_export.csv,legacy,SOPHIE HOLLIS,,,,SOPHIE.HOLLIS@EXAMPLEMAIL.CO,,INV1300,,08 Feb 2025,,DEEP CLEANING PACKAGE,,PREMIUM SERVICE,,CENTRAL OFFICE,,BIRMINGHAM,,United Kingdom,225,,1,,,,,,,
360,,,legacy_export.csv,legacy,ARTHUR HARRINGTON,,,,nil,,INV1301,,18 Feb 2025,,STORE REFRESH,,PREM,,CENTRAL,,LEEDZ,,United Kingdom,500,,2,,,,,,,
361,,,legacy_export.csv,legacy,MATILDA CRAWFORD,,,,MATILDA.CRAWFORD@@EXAMPLEMAIL.CO.UK,,INV1302,,28/01/25,,DEEP CLEANING PACKAGE,,PREMIUM,,NORTH,,LEEDZ,,United Kingdom,175,,1,,,,,,,
362,,,legacy_export.csv,legacy,IVY MARLOWE,,00000000000,, ivy.marlowe@examplemail.co.uk ,,INV1303,,2025-02-26,,STORE REFRESH,,PREMIUM,,NORTH BRANCH,,BHAM,,United Kingdom,150,,1,,,,,,,
363,,,legacy_export.csv,legacy,MAX BENNETT,,00447207765664,,nil,,1304,,2025-01-19,,STORE REFRESH,,PREMIUM SERVICE,,NORTH BRANCH,,LEEDS,,United Kingdom,0,,4,,,,,,,
364,,,legacy_export.csv,legacy,ISLA STERLING,,00000000000,,nil,,INV1305,,12 February 2025,,MAINTENANCE VISIT,,BASIC,,CENTRAL HUB,,MANCHESTER ,,United Kingdom,0,,3,,,,,,,
365,,,legacy_export.csv,legacy,EVIE FLETCHER,,,,unknown,,INV1306,,08-02-2025,,MAINTENANCE VISIT,,STD,,SOUTH OFFICE,,MANCHESTER,,United Kingdom,0,,2,,,,,,,
366,,,legacy_export.csv,legacy,THEODORE REDFORD,,00000000000,,THEODORE.REDFORD@EXAMPLEMAIL.CO.UK,,INV1307,,31/01/25,,PREMIUM CONSULTATION,,PREM,,NORTH BRANCH,,BIRMINHAM,,United Kingdom,750,,3,,,,,,,
367,,,legacy_export.csv,legacy,ARTHUR MERCER,,,,unknown,,1308,,24 February 2025,,PRIORITY SERVICE CALL,,PREMIUM SERVICE,,NORTH BRANCH,,BHAM,,United Kingdom,825,,3,,,,,,,
368,,,legacy_export.csv,legacy,MARTHA PRITCHARD,,00000000000,,nil,,INV1309,,21 January 2025,,PREMIUM CONSULTATION,,P,,NORTH HQ,,MANCHESTER,,United Kingdom,175,,1,,,,,,,
369,,,legacy_export.csv,legacy,FLORENCE PRESCOTT,,,, FLORENCE.PRESCOTT@EXAMPLEMAIL.CO.UK ,,INV1310,,21-01-2025,,INVENTORY AUDIT,,STD,,CENTRAL HUB,,BRISTOL CITY,,United Kingdom,380,,4,,,,,,,
370,,,legacy_export.csv,legacy,MATILDA REDFORD,,+44 7593 460 064,,matilda.redford@examplemail.co.uk,,INV1311,,12 Feb 2025,,MAINTENANCE VISIT,,STD,,CENTRAL HUB,,LEEDZ,,United Kingdom,-1100,,4,,,,,,,
371,,,legacy_export.csv,legacy,CHARLOTTE STERLING,,,,unknown,,1312,,10 February 2025,,PRIORITY SERVICE CALL,,PREMIUM SERVICE,,SOUTH,,LEEDZ,,United Kingdom,0,,1,,,,,,,
372,,,legacy_export.csv,legacy,DANIEL MERCER,,00000000000,,daniel.mercer@examplemail.co.uk,,1313,,17-01-2025,,DEEP CLEANING PACKAGE,,P,,CENTRAL HUB,,MANCHESTER,,United Kingdom,500,,2,,,,,,,
373,,,legacy_export.csv,legacy,IMOGEN KENSINGTON,,,,nil,,INV1314,,25/03/25,,PREMIUM CONSULTATION,,PREM,,CENTRAL BRANCH,,MANCHESTER ,,United Kingdom,95,,1,,,,,,,
374,,,legacy_export.csv,legacy,ROSIE COLLINS,,00000000000,,ROSIE.COLLINS@EXAMPLEMAIL.CO,,INV1315,,02 Apr 2025,,ON SITE SETUP,,STD,,NORTH BRANCH,,LEEDS,,United Kingdom,225,,1,,,,,,,
375,,,legacy_export.csv,legacy,DANIEL MERCER,,00000000000,,DANIEL.MERCER@EXAMPLEMAIL.CO.UK,,INV1316,,10 Mar 2025,,DEEP CLEANING PACKAGE,,PREMIUM,,CENTRAL,,MANCHESTER ,,United Kingdom,1000,,4,,,,,,,
376,,,legacy_export.csv,legacy,MAX WHITMORE,,,,MAX.WHITMORE@EXAMPLEMAIL.CO,,INV1317,,27/02/25,,DEEP CLEANING PACKAGE,,PREMIUM SERVICE,,NORTH BRANCH,,LEEDZ,,United Kingdom,525,,3,,,,,,,
377,,,legacy_export.csv,legacy,ARTHUR STERLING,,07721609,,nil,,1318,,14 Feb 2025,,MAINTENANCE VISIT,,BASIC,,CENTRAL HUB,,MANCHESTER ,,United Kingdom,175,,1,,,,,,,
378,,,legacy_export.csv,legacy,THOMAS SINCLAIR,,,,THOMAS.SINCLAIR@EXAMPLEMAIL.CO,,1319,,14 Mar 2025,,MAINTENANCE VISIT,,BASIC,,SOUTH,,LEEDS,,United Kingdom,120,,1,,,,,,,
379,,,manual_intake_forms.xlsx,manual,Clara Bennett 00000000000,,,,,,,,12/03,,maintenance visit,,maintenance visit,,central office,,birmingham,,United Kingdom,,,,,,,,,,New_Customers | needs follow up confirmation
380,,,manual_intake_forms.xlsx,manual,Phoebe Winslow phoebe.winslow@@examplemail.co.uk,,,,,,,,12/03,,installation support,,installation support,,north,,leeds,,United Kingdom,,,,,,,,,,New_Customers | needs follow up confirmation
381,,,manual_intake_forms.xlsx,manual,Zara Sutton,,07581223755,,,,,,tomorrow,,maintenance visit,,maintenance visit,,,,bristol city,,United Kingdom,,,,,,,,,,New_Customers | needs follow up confirmation
382,,,manual_intake_forms.xlsx,manual,Isla Ashcroft,,00447682624278 ,,isla.ashcroft@examplemail.co,,,,tomorrow,,maint visit,,maint visit,,south,,leeds,,United Kingdom,,,,,,,,,,New_Customers | needs follow up confirmation
383,,,manual_intake_forms.xlsx,manual,Henry Templeton 00000000000,,,,henry.templeton@examplemail.co.uk,,,,next fri,,op check,,op check,,north,,bham,,United Kingdom,,,,,,,,,,New_Customers | quoted over phone
384,,,manual_intake_forms.xlsx,manual,Amelia Darlington,,07812308209 ,,amelia.darlington@examplemail.co.uk,,,,next fri,,op check,,op check,,central branch,,leeds,,United Kingdom,,,,,,,,,,New_Customers | wants quick turnaround
385,,,manual_intake_forms.xlsx,manual,Florence Collins 07679153,,,,florence.collins@examplemail.co.uk,,,,next fri,,store refresh,,store refresh,,south,,,,United Kingdom,,,,,,,,,,New_Customers | quoted over phone
386,,,manual_intake_forms.xlsx,manual,Thomas Sinclair 07463527,,,,thomas.sinclair@examplemail.co,,,,09/02,,deep cleaning package,,deep cleaning package,,south,,leeds,,United Kingdom,,,,,,,,,,New_Customers | wants quick turnaround
387,,,manual_intake_forms.xlsx,manual,Poppy Sinclair,,+44 7508 157 429,,,,,,14 Mar,,maintenance visit,,maintenance visit,,north,,birmingham,,United Kingdom,,,,,,,,,,New_Customers | repeat booking requested
388,,,manual_intake_forms.xlsx,manual,Florence Chadwick,,,,florence.chadwick@examplemail.co.uk,,,,06/02,,deep cleaning package,,deep cleaning package,,central office,,bristol,,United Kingdom,,,,,,,,,,New_Customers | quoted over phone
389,,,manual_intake_forms.xlsx,manual,Ivy Langley,,+44 7477 698 143,,,,,,19/03,,premium consultation,,premium consultation,,south,,birmingham,,United Kingdom,,,,,,,,,,New_Customers | quoted over phone
390,,,manual_intake_forms.xlsx,manual,Sebastian Sinclair,,00447699226355,,,,,,next fri,,store refresh,,store refresh,,north,,birmingham,,United Kingdom,,,,,,,,,,New_Customers | needs follow up confirmation
391,,,manual_intake_forms.xlsx,manual,Oliver Sinclair,,,,oliver.sinclair@examplemail.co.uk,,,,next fri,,operational check,,operational check,,north,,,,United Kingdom,,,,,,,,,,New_Customers | repeat booking requested
392,,,manual_intake_forms.xlsx,manual,Alfie Fletcher,,,,alfie.fletcher@examplemail.co.uk,,,,08 Feb,,maint visit,,maint visit,,north,,leedz,,United Kingdom,,,,,,,,,,New_Customers | needs follow up confirmation
393,,,manual_intake_forms.xlsx,manual,Arthur Mercer,,07463016614,,,,,,next fri,,dc,,dc,,north,,birmingham,,United Kingdom,,,,,,,,,,New_Customers | asked for callback
394,,,manual_intake_forms.xlsx,manual,Alfie Marlowe alfie.marlowe@@examplemail.co.uk,,,,,,,,tomorrow,,maintenance visit,,maintenance visit,,south,,birmingham,,United Kingdom,,,,,,,,,,New_Customers | needs follow up confirmation
395,,,manual_intake_forms.xlsx,manual,Sebastian Sinclair sebastian.sinclair@@examplemail.co.uk,,00447699226355 ,,,,,,17/01,,operational check,,operational check,,north,,bham,,United Kingdom,,,,,,,,,,New_Customers | quoted over phone
396,,,manual_intake_forms.xlsx,manual,George Blackwell 07161073,,,,,,,,tomorrow,,premium consultation,,premium consultation,,south,,,,United Kingdom,,,,,,,,,,New_Customers | quoted over phone
397,,,manual_intake_forms.xlsx,manual,Jack Bennett,,+44 7903 132 646,,,,,,19/03,,op check,,op check,,central branch,,birmingham,,United Kingdom,,,,,,,,,,New_Customers | wants quick turnaround
398,,,manual_intake_forms.xlsx,manual,Thomas Sinclair,,+44 7951 078 441,,,,,,20/02,,maint visit,,maint visit,,north,,,,United Kingdom,,,,,,,,,,New_Customers | wants quick turnaround
399,,,manual_intake_forms.xlsx,manual,Eliza Ellison,,+44 7220 117 054,,,,,,20/03,,customer care review,,customer care review,,south,,bham,,United Kingdom,,,,,,,,,,New_Customers | repeat booking requested
400,,,manual_intake_forms.xlsx,manual,Florence Prescott,,00447630833445 ,,florence.prescott@examplemail.co.uk,,,,next fri,,priority call,,priority call,,,,bristol,,United Kingdom,,,,,,,,,,New_Customers | asked for callback
401,,,manual_intake_forms.xlsx,manual,Isla Sterling,,07685823118 ,,ISLA.STERLING@EXAMPLEMAIL.CO.UK,,,,tomorrow,,maintenance visit,,maintenance visit,,,,,,United Kingdom,,,,,,,,,,New_Customers | wants quick turnaround
402,,,manual_intake_forms.xlsx,manual,George Chadwick,,00447409268943 ,,george.chadwick@examplemail.co,,,,29/01,,installation support,,installation support,,south,,,,United Kingdom,,,,,,,,,,New_Customers | quoted over phone
403,,,manual_intake_forms.xlsx,manual,Matilda Fletcher 07153921,,,,matilda.fletcher@examplemail.co.uk,,,,next fri,,on site setup,,on site setup,,,,bristol city,,United Kingdom,,,,,,,,,,New_Customers | repeat booking requested
404,,,manual_intake_forms.xlsx,manual,Florence Collins 07679153,,,,florence.collins@examplemail.co.uk,,,,26/01,,customer care review,,customer care review,,south,,,,United Kingdom,,,,,,,,,,New_Customers | wants quick turnaround
405,,,manual_intake_forms.xlsx,manual,Florence Prescott,,,,florence.prescott@examplemail.co.uk,,,,next fri,,on site setup,,on site setup,,central office,,bristol city,,United Kingdom,,,,,,,,,,New_Customers | needs follow up confirmation
406,,,manual_intake_forms.xlsx,manual,Theodore Bennett,,07927 982 963 ,,THEODORE.BENNETT@EXAMPLEMAIL.CO.UK,,,,21/01,,store refresh,,store refresh,,north,,leedz,,United Kingdom,,,,,,,,,,New_Customers | asked for callback
407,,,manual_intake_forms.xlsx,manual,George Chadwick,,00447409268943 ,,george.chadwick@examplemail.co,,,,04/02,,operational check,,operational check,,south,,,,United Kingdom,,,,,,,,,,New_Customers | repeat booking requested
408,,,manual_intake_forms.xlsx,manual,Samuel Bramwell,,,,samuel.bramwell@examplemail.co.uk,,,,16/01,,premium consultation,,premium consultation,,,,birmingham,,United Kingdom,,,,,,,,,,New_Customers | repeat booking requested
409,,,manual_intake_forms.xlsx,manual,Alfie Marlowe alfie.marlowe@@examplemail.co.uk,,,,,,,,14/03,,store refresh,,store refresh,,south,,birmingham,,United Kingdom,,,,,,,,,,Walk_In_Log | needs call back
410,,,manual_intake_forms.xlsx,manual,Jack Bennett,,,,jack.bennett@examplemail.co.uk,,,,14/03,,install support,,install support,,central office,,birminham,,United Kingdom,,,,,,,,,,Walk_In_Log | needs call back
411,,,manual_intake_forms.xlsx,manual,Henry Templeton 00000000000,,,,,,,,14/03,,store refresh,,store refresh,,north,,birmingham,,United Kingdom,,,,,,,,,,Walk_In_Log | walk in enquiry
412,,,manual_intake_forms.xlsx,manual,Eleanor Redford 00000000000,,,,,,,,14/03,,maintenance visit,,maintenance visit,,south,,leeds,,United Kingdom,,,,,,,,,,Walk_In_Log | needs call back
413,,,manual_intake_forms.xlsx,manual,Sebastian Chadwick,,07214 518 079,,,,,,Monday,,setup,,setup,,south,,bristol,,United Kingdom,,,,,,,,,,Walk_In_Log | walk in enquiry
414,,,manual_intake_forms.xlsx,manual,Oscar Redford,,07511 872 350,,,,,,07/03,,inventory audit,,inventory audit,,,,,,United Kingdom,,,,,,,,,,Walk_In_Log | needs call back
415,,,manual_intake_forms.xlsx,manual,Theodore Redford 07575808,,,,,,,,Monday,,operational check,,operational check,,north,,birmingham,,United Kingdom,,,,,,,,,,Walk_In_Log | walk in enquiry
416,,,manual_intake_forms.xlsx,manual,Phoebe Hollis,,,,phoebe.hollis@examplemail.co,,,,Monday,,customer care review,,customer care review,,south,,bham,,United Kingdom,,,,,,,,,,Walk_In_Log | walk in enquiry
417,,,manual_intake_forms.xlsx,manual,Daniel Collins,,00447813962536,,,,,,14/03,,inventory audit,,inventory audit,,north,,bristol city,,United Kingdom,,,,,,,,,,Walk_In_Log | walk in enquiry
418,,,manual_intake_forms.xlsx,manual,Thomas Sinclair thomas.sinclair@@examplemail.co.uk,,,,,,,,next week,,op check,,op check,,north,,,,United Kingdom,,,,,,,,,,Walk_In_Log | needs call back
419,,,manual_intake_forms.xlsx,manual,Theodore Marlowe theodore.marlowe@@examplemail.co.uk,,,,,,,,Monday,,refresh,,refresh,,,,bristol,,United Kingdom,,,,,,,,,,Walk_In_Log | requested quote
420,,,manual_intake_forms.xlsx,manual,Eliza Ainsworth 07932894,,,,,,,,14/03,,operational check,,operational check,,,,,,United Kingdom,,,,,,,,,,Walk_In_Log | requested quote
421,,,manual_intake_forms.xlsx,manual,Ivy Marlowe,,07918 982 730,,,,,,14/03,,store refresh,,store refresh,,north,,bham,,United Kingdom,,,,,,,,,,Walk_In_Log | requested quote
422,,,manual_intake_forms.xlsx,manual,Ivy Bennett 00000000000,,,,,,,,14/03,,premium consultation,,premium consultation,,north,,bristol,,United Kingdom,,,,,,,,,,Walk_In_Log | requested quote
423,,,manual_intake_forms.xlsx,manual,Matilda Crawford matilda.crawford@@examplemail.co.uk,,,,,,,,14/03,,deep cleaning package,,deep cleaning package,,north,,leedz,,United Kingdom,,,,,,,,,,Walk_In_Log | requested quote
424,,,manual_intake_forms.xlsx,manual,Nathan Sinclair,,,,NATHAN.SINCLAIR@EXAMPLEMAIL.CO.UK,,,,next week,,premium consultation,,premium consultation,,south,,leeds,,United Kingdom,,,,,,,,,,Walk_In_Log | walk in enquiry
425,,,manual_intake_forms.xlsx,manual,Florence Chadwick,,,,florence.chadwick@examplemail.co.uk,,,,14/03,,maintenance visit,,maintenance visit,,,,bristol city,,United Kingdom,,,,,,,,,,Walk_In_Log | requested quote
426,,,manual_intake_forms.xlsx,manual,Eleanor Ellison,,,,eleanor.ellison@examplemail.co,,,,next week,,prem consult,,prem consult,,south,,bristol,,United Kingdom,,,,,,,,,,Walk_In_Log | needs call back
427,,,manual_intake_forms.xlsx,manual,Ivy Marlowe,,07918 982 730,,,,,,12/02,,priority call,,priority call,,north,,birminham,,United Kingdom,,,,,,,,,,Walk_In_Log | walk in enquiry
428,,,manual_intake_forms.xlsx,manual,Alice Waverley,,,,ALICE.WAVERLEY@EXAMPLEMAIL.CO.UK,,,,14/03,,premium consultation,,premium consultation,,south,,leeds,,United Kingdom,,,,,,,,,,Walk_In_Log | needs call back
429,,,manual_intake_forms.xlsx,manual,Phoebe Prescott,,,,phoebe.prescott@examplemail.co,,,,14/01,,operational check,,operational check,,south,,bristol,,United Kingdom,,,,,,,,,,Walk_In_Log | needs call back
430,,,manual_intake_forms.xlsx,manual,Hugo Ellison,,+44 7930 353 157,,,,,,next week,,priority service call,,priority service call,,south,,bham,,United Kingdom,,,,,,,,,,Walk_In_Log | needs call back
431,,,manual_intake_forms.xlsx,manual,Martha Sterling,,,,martha.sterling@examplemail.co.uk,,,,28/03,,priority call,,priority call,,north,,,,United Kingdom,,,,,,,,,,Walk_In_Log | requested quote
432,,,manual_intake_forms.xlsx,manual,George Sutton,,07200 140 141,,,,,,Monday,,refresh,,refresh,,central office,,birmingham,,United Kingdom,,,,,,,,,,Walk_In_Log | needs call back
433,,,manual_intake_forms.xlsx,manual,Eleanor Redford 00000000000,,,,,,,,13/02,,customer care review,,customer care review,,south,,leeds,,United Kingdom,,,,,,,,,,Walk_In_Log | requested quote
434,,,manual_intake_forms.xlsx,manual,Samuel Sinclair 00000000000,,,,,,,,14/03,,maintenance visit,,maintenance visit,,,,,,United Kingdom,,,,,,,,,,Walk_In_Log | needs call back
435,,,manual_intake_forms.xlsx,manual,Martha Pritchard 00000000000,,,,,,,,26/01,,deep cleaning package,,deep cleaning package,,north,,,,United Kingdom,,,,,,,,,,Walk_In_Log | needs call back
436,,,manual_intake_forms.xlsx,manual,Sebastian Langley,,,,sebastian.langley@examplemail.co,,,,14/03,,refresh,,refresh,,,,leeds,,United Kingdom,,,,,,,,,,Walk_In_Log | walk in enquiry
437,,,manual_intake_forms.xlsx,manual,Arthur Mercer arthur.mercer@@examplemail.co.uk,,,,,,,,24/02,,priority service call,,priority service call,,north,,birminham,,United Kingdom,,,,,,,,,,Walk_In_Log | requested quote
438,,,manual_intake_forms.xlsx,manual,Sophie Bramwell,,,,sophie.bramwell@examplemail.co,,,,14/03,,operational check,,operational check,,south,,,,United Kingdom,,,,,,,,,,Walk_In_Log | needs call back
